1.530000000000000000e+02,1.780000000000000000e+02,1.340000000000000000e+02,1.360000000000000000e+02,2.500000000000000000e+01,7.000000000000000000e+00,1.430000000000000000e+02,1.720000000000000000e+02,3.720032864691726893e-01
1.500000000000000000e+02,1.780000000000000000e+02,1.330000000000000000e+02,1.370000000000000000e+02,2.500000000000000000e+01,7.000000000000000000e+00,1.460000000000000000e+02,1.720000000000000000e+02,3.395893573640593743e-01
1.520000000000000000e+02,1.790000000000000000e+02,1.320000000000000000e+02,1.400000000000000000e+02,2.800000000000000000e+01,7.000000000000000000e+00,1.470000000000000000e+02,1.720000000000000000e+02,3.355954707314623975e-01
1.540000000000000000e+02,1.780000000000000000e+02,1.330000000000000000e+02,1.440000000000000000e+02,3.100000000000000000e+01,6.000000000000000000e+00,1.510000000000000000e+02,1.730000000000000000e+02,3.400841710184059896e-01
1.560000000000000000e+02,1.760000000000000000e+02,1.340000000000000000e+02,1.510000000000000000e+02,3.300000000000000000e+01,5.000000000000000000e+00,1.530000000000000000e+02,1.750000000000000000e+02,2.988732024673303456e-01
1.560000000000000000e+02,1.750000000000000000e+02,1.350000000000000000e+02,1.590000000000000000e+02,3.300000000000000000e+01,5.000000000000000000e+00,1.590000000000000000e+02,1.760000000000000000e+02,2.595276589139113299e-01
1.580000000000000000e+02,1.760000000000000000e+02,1.360000000000000000e+02,1.620000000000000000e+02,3.400000000000000000e+01,5.000000000000000000e+00,1.600000000000000000e+02,1.750000000000000000e+02,2.978119732531462893e-01
1.590000000000000000e+02,1.750000000000000000e+02,1.370000000000000000e+02,1.650000000000000000e+02,3.500000000000000000e+01,4.000000000000000000e+00,1.630000000000000000e+02,1.750000000000000000e+02,2.706737587701777970e-01
1.610000000000000000e+02,1.740000000000000000e+02,1.370000000000000000e+02,1.680000000000000000e+02,3.500000000000000000e+01,4.000000000000000000e+00,1.620000000000000000e+02,1.750000000000000000e+02,2.655265885867710840e-01
1.610000000000000000e+02,1.710000000000000000e+02,1.390000000000000000e+02,1.770000000000000000e+02,3.500000000000000000e+01,1.000000000000000000e+00,1.670000000000000000e+02,1.740000000000000000e+02,2.230321334707923708e-01
1.620000000000000000e+02,1.700000000000000000e+02,1.410000000000000000e+02,1.770000000000000000e+02,3.400000000000000000e+01,2.000000000000000000e+00,1.670000000000000000e+02,1.720000000000000000e+02,2.042660495870065873e-01
1.650000000000000000e+02,1.680000000000000000e+02,1.420000000000000000e+02,1.680000000000000000e+02,3.300000000000000000e+01,4.000000000000000000e+00,1.640000000000000000e+02,1.740000000000000000e+02,2.232670851726017980e-01
1.690000000000000000e+02,1.630000000000000000e+02,1.420000000000000000e+02,1.590000000000000000e+02,3.300000000000000000e+01,9.000000000000000000e+00,1.640000000000000000e+02,1.710000000000000000e+02,2.140561111690737761e-01
1.700000000000000000e+02,1.590000000000000000e+02,1.430000000000000000e+02,1.550000000000000000e+02,3.100000000000000000e+01,1.100000000000000000e+01,1.610000000000000000e+02,1.690000000000000000e+02,2.060929918408814510e-01
1.700000000000000000e+02,1.590000000000000000e+02,1.440000000000000000e+02,1.500000000000000000e+02,3.000000000000000000e+01,1.300000000000000000e+01,1.600000000000000000e+02,1.660000000000000000e+02,1.684177818243968172e-01
1.720000000000000000e+02,1.580000000000000000e+02,1.420000000000000000e+02,1.450000000000000000e+02,2.800000000000000000e+01,1.400000000000000000e+01,1.580000000000000000e+02,1.650000000000000000e+02,1.407698416530627217e-01
1.750000000000000000e+02,1.560000000000000000e+02,1.420000000000000000e+02,1.420000000000000000e+02,2.400000000000000000e+01,1.600000000000000000e+01,1.560000000000000000e+02,1.620000000000000000e+02,1.279228926952365730e-01
1.780000000000000000e+02,1.560000000000000000e+02,1.410000000000000000e+02,1.380000000000000000e+02,2.000000000000000000e+01,1.600000000000000000e+01,1.570000000000000000e+02,1.580000000000000000e+02,1.460161003638475452e-01
1.800000000000000000e+02,1.530000000000000000e+02,1.450000000000000000e+02,1.380000000000000000e+02,1.600000000000000000e+01,1.800000000000000000e+01,1.600000000000000000e+02,1.580000000000000000e+02,1.560153353283112443e-01
1.700000000000000000e+02,1.490000000000000000e+02,1.430000000000000000e+02,1.370000000000000000e+02,1.300000000000000000e+01,1.900000000000000000e+01,1.750000000000000000e+02,1.590000000000000000e+02,1.663899388529409551e-01
1.700000000000000000e+02,1.480000000000000000e+02,1.410000000000000000e+02,1.400000000000000000e+02,1.000000000000000000e+01,2.000000000000000000e+01,1.740000000000000000e+02,1.650000000000000000e+02,1.344816901774300300e-01
1.780000000000000000e+02,1.490000000000000000e+02,1.430000000000000000e+02,1.400000000000000000e+02,5.000000000000000000e+00,2.100000000000000000e+01,1.770000000000000000e+02,1.640000000000000000e+02,9.637239094537572437e-02
1.640000000000000000e+02,1.480000000000000000e+02,1.490000000000000000e+02,1.440000000000000000e+02,1.000000000000000000e+00,2.400000000000000000e+01,1.760000000000000000e+02,1.620000000000000000e+02,1.202422174157921284e-02
1.560000000000000000e+02,1.530000000000000000e+02,1.590000000000000000e+02,1.450000000000000000e+02,3.000000000000000000e+00,2.300000000000000000e+01,1.710000000000000000e+02,1.560000000000000000e+02,-9.746946038166448556e-02
1.580000000000000000e+02,1.530000000000000000e+02,1.710000000000000000e+02,1.480000000000000000e+02,1.300000000000000000e+01,2.200000000000000000e+01,1.570000000000000000e+02,1.530000000000000000e+02,-1.207803620946624051e-01
1.620000000000000000e+02,1.560000000000000000e+02,1.780000000000000000e+02,1.570000000000000000e+02,1.700000000000000000e+01,1.600000000000000000e+01,1.560000000000000000e+02,1.700000000000000000e+02,-2.213837226627280164e-01
1.710000000000000000e+02,1.690000000000000000e+02,1.780000000000000000e+02,1.600000000000000000e+02,2.400000000000000000e+01,1.200000000000000000e+01,1.720000000000000000e+02,1.760000000000000000e+02,-2.367256946809473406e-01
1.740000000000000000e+02,1.710000000000000000e+02,1.440000000000000000e+02,1.770000000000000000e+02,3.200000000000000000e+01,4.000000000000000000e+00,1.640000000000000000e+02,1.600000000000000000e+02,-5.092879967515845374e-01
1.690000000000000000e+02,1.590000000000000000e+02,6.500000000000000000e+01,1.650000000000000000e+02,4.000000000000000000e+01,4.000000000000000000e+00,1.670000000000000000e+02,1.630000000000000000e+02,-6.715147054831499540e-01
1.680000000000000000e+02,1.490000000000000000e+02,7.700000000000000000e+01,1.580000000000000000e+02,4.000000000000000000e+01,1.000000000000000000e+00,1.640000000000000000e+02,1.580000000000000000e+02,-9.900645530740797895e+00
1.600000000000000000e+02,1.560000000000000000e+02,1.340000000000000000e+02,1.410000000000000000e+02,3.700000000000000000e+01,3.000000000000000000e+00,1.680000000000000000e+02,1.750000000000000000e+02,2.158564873178357324e+00
1.510000000000000000e+02,1.440000000000000000e+02,1.140000000000000000e+02,1.460000000000000000e+02,3.400000000000000000e+01,3.000000000000000000e+00,1.660000000000000000e+02,1.760000000000000000e+02,8.684843245023570191e-01
1.510000000000000000e+02,1.330000000000000000e+02,1.270000000000000000e+02,1.490000000000000000e+02,2.900000000000000000e+01,1.200000000000000000e+01,1.770000000000000000e+02,1.800000000000000000e+02,3.298124869367889955e-01
1.570000000000000000e+02,1.300000000000000000e+02,1.540000000000000000e+02,1.540000000000000000e+02,2.100000000000000000e+01,1.700000000000000000e+01,1.690000000000000000e+02,1.740000000000000000e+02,2.903649451156036232e-01
1.630000000000000000e+02,1.320000000000000000e+02,1.610000000000000000e+02,1.590000000000000000e+02,1.500000000000000000e+01,1.500000000000000000e+01,1.390000000000000000e+02,1.690000000000000000e+02,1.353787242749569242e-01
1.630000000000000000e+02,1.470000000000000000e+02,1.620000000000000000e+02,1.580000000000000000e+02,1.000000000000000000e+01,1.000000000000000000e+00,1.190000000000000000e+02,1.350000000000000000e+02,3.175232451616877283e-02
1.640000000000000000e+02,1.580000000000000000e+02,1.660000000000000000e+02,1.590000000000000000e+02,5.000000000000000000e+00,1.000000000000000000e+00,1.200000000000000000e+02,1.580000000000000000e+02,-5.998615491854317194e-02
1.570000000000000000e+02,1.670000000000000000e+02,1.550000000000000000e+02,1.630000000000000000e+02,3.000000000000000000e+00,0.000000000000000000e+00,1.370000000000000000e+02,1.590000000000000000e+02,-1.079193928414412390e-01
1.690000000000000000e+02,1.690000000000000000e+02,1.650000000000000000e+02,1.650000000000000000e+02,1.000000000000000000e+00,1.000000000000000000e+00,1.640000000000000000e+02,1.620000000000000000e+02,-1.906966584202583193e-01
1.670000000000000000e+02,1.700000000000000000e+02,1.760000000000000000e+02,1.660000000000000000e+02,2.000000000000000000e+00,4.000000000000000000e+00,1.650000000000000000e+02,1.700000000000000000e+02,-2.645705930603997058e-01
1.730000000000000000e+02,1.630000000000000000e+02,1.780000000000000000e+02,1.650000000000000000e+02,4.000000000000000000e+00,6.000000000000000000e+00,1.680000000000000000e+02,1.670000000000000000e+02,-3.217406864545387379e-01
1.700000000000000000e+02,1.580000000000000000e+02,1.780000000000000000e+02,1.700000000000000000e+02,3.000000000000000000e+00,8.000000000000000000e+00,1.740000000000000000e+02,1.700000000000000000e+02,-3.781771440733958101e-01
1.740000000000000000e+02,1.520000000000000000e+02,1.790000000000000000e+02,1.760000000000000000e+02,2.000000000000000000e+00,1.100000000000000000e+01,1.460000000000000000e+02,1.580000000000000000e+02,-3.950481226282834268e-01
1.540000000000000000e+02,1.440000000000000000e+02,1.770000000000000000e+02,1.780000000000000000e+02,2.000000000000000000e+00,1.100000000000000000e+01,1.380000000000000000e+02,1.150000000000000000e+02,-4.442413390564677877e-01
1.590000000000000000e+02,1.400000000000000000e+02,1.750000000000000000e+02,1.720000000000000000e+02,1.000000000000000000e+00,1.200000000000000000e+01,1.570000000000000000e+02,1.040000000000000000e+02,-4.429944278713388028e-01
1.560000000000000000e+02,1.800000000000000000e+01,1.730000000000000000e+02,1.670000000000000000e+02,3.000000000000000000e+00,1.400000000000000000e+01,1.790000000000000000e+02,1.760000000000000000e+02,-4.129411264648774615e-01
8.700000000000000000e+01,1.400000000000000000e+01,1.670000000000000000e+02,1.650000000000000000e+02,1.300000000000000000e+01,2.000000000000000000e+01,1.580000000000000000e+02,1.690000000000000000e+02,-4.598333914012464052e-01
8.400000000000000000e+01,2.000000000000000000e+01,1.630000000000000000e+02,1.620000000000000000e+02,2.100000000000000000e+01,2.100000000000000000e+01,1.570000000000000000e+02,1.770000000000000000e+02,-4.470206324922554875e-01
7.400000000000000000e+01,2.100000000000000000e+01,1.620000000000000000e+02,1.650000000000000000e+02,2.000000000000000000e+01,2.500000000000000000e+01,1.610000000000000000e+02,1.760000000000000000e+02,-4.576062453034983601e-01
6.000000000000000000e+01,2.300000000000000000e+01,1.560000000000000000e+02,1.660000000000000000e+02,2.000000000000000000e+01,2.400000000000000000e+01,1.530000000000000000e+02,1.710000000000000000e+02,-6.104244147888864269e-01
5.100000000000000000e+01,2.600000000000000000e+01,1.540000000000000000e+02,1.650000000000000000e+02,1.900000000000000000e+01,2.300000000000000000e+01,1.560000000000000000e+02,1.630000000000000000e+02,-8.946623077270741131e-01
6.500000000000000000e+01,3.900000000000000000e+01,1.560000000000000000e+02,1.660000000000000000e+02,1.600000000000000000e+01,2.000000000000000000e+01,1.280000000000000000e+02,1.430000000000000000e+02,-3.491946669979090423e+00
8.100000000000000000e+01,5.300000000000000000e+01,1.560000000000000000e+02,1.660000000000000000e+02,1.200000000000000000e+01,1.500000000000000000e+01,1.190000000000000000e+02,1.220000000000000000e+02,3.020411278014298428e+00
1.620000000000000000e+02,5.400000000000000000e+01,1.670000000000000000e+02,1.650000000000000000e+02,1.300000000000000000e+01,1.400000000000000000e+01,1.670000000000000000e+02,1.300000000000000000e+02,2.159386182218552275e+00
9.200000000000000000e+01,4.000000000000000000e+01,1.640000000000000000e+02,1.680000000000000000e+02,1.600000000000000000e+01,6.000000000000000000e+00,1.440000000000000000e+02,1.470000000000000000e+02,1.381742738589211683e+01
7.300000000000000000e+01,3.400000000000000000e+01,1.600000000000000000e+02,1.720000000000000000e+02,1.300000000000000000e+01,3.000000000000000000e+00,1.500000000000000000e+02,1.520000000000000000e+02,-1.240115043141178042e+00
8.300000000000000000e+01,4.500000000000000000e+01,1.500000000000000000e+02,1.730000000000000000e+02,1.300000000000000000e+01,5.000000000000000000e+00,1.490000000000000000e+02,1.490000000000000000e+02,-2.433126229788690420e+00
1.060000000000000000e+02,5.200000000000000000e+01,1.630000000000000000e+02,1.710000000000000000e+02,7.000000000000000000e+00,9.000000000000000000e+00,1.170000000000000000e+02,1.680000000000000000e+02,-2.993495926941359908e+00
1.430000000000000000e+02,6.800000000000000000e+01,1.590000000000000000e+02,1.710000000000000000e+02,3.000000000000000000e+00,1.100000000000000000e+01,8.000000000000000000e+01,1.720000000000000000e+02,-7.073474397942483449e+00
1.470000000000000000e+02,7.400000000000000000e+01,1.760000000000000000e+02,1.210000000000000000e+02,2.000000000000000000e+00,1.000000000000000000e+01,1.360000000000000000e+02,1.720000000000000000e+02,-2.750320000000000164e+03
1.550000000000000000e+02,8.000000000000000000e+01,1.780000000000000000e+02,1.590000000000000000e+02,4.000000000000000000e+00,1.500000000000000000e+01,1.510000000000000000e+02,1.700000000000000000e+02,1.923748215984776300e+00
1.520000000000000000e+02,8.400000000000000000e+01,1.800000000000000000e+02,1.600000000000000000e+02,6.000000000000000000e+00,2.100000000000000000e+01,1.320000000000000000e+02,1.350000000000000000e+02,8.628283809131268578e-01
1.530000000000000000e+02,9.100000000000000000e+01,1.730000000000000000e+02,1.780000000000000000e+02,8.000000000000000000e+00,2.200000000000000000e+01,1.630000000000000000e+02,1.420000000000000000e+02,5.467047936466132851e-01
1.560000000000000000e+02,1.050000000000000000e+02,1.760000000000000000e+02,1.800000000000000000e+02,1.100000000000000000e+01,2.800000000000000000e+01,1.700000000000000000e+02,1.300000000000000000e+02,3.873121524505607760e-01
1.560000000000000000e+02,1.160000000000000000e+02,1.740000000000000000e+02,1.740000000000000000e+02,1.100000000000000000e+01,2.900000000000000000e+01,1.710000000000000000e+02,1.170000000000000000e+02,3.185956140640764378e-01
1.570000000000000000e+02,1.350000000000000000e+02,1.720000000000000000e+02,1.750000000000000000e+02,1.200000000000000000e+01,2.600000000000000000e+01,1.690000000000000000e+02,1.290000000000000000e+02,2.302332336291498804e-01
1.580000000000000000e+02,1.410000000000000000e+02,1.730000000000000000e+02,1.770000000000000000e+02,1.300000000000000000e+01,3.000000000000000000e+01,1.700000000000000000e+02,1.320000000000000000e+02,2.144115989548645018e-01
1.590000000000000000e+02,1.480000000000000000e+02,1.700000000000000000e+02,1.790000000000000000e+02,1.300000000000000000e+01,3.000000000000000000e+01,1.710000000000000000e+02,1.260000000000000000e+02,3.227552741745117193e-01
1.580000000000000000e+02,1.540000000000000000e+02,1.700000000000000000e+02,1.790000000000000000e+02,1.300000000000000000e+01,2.800000000000000000e+01,1.670000000000000000e+02,1.180000000000000000e+02,5.273322331999881207e-01
1.680000000000000000e+02,1.580000000000000000e+02,1.700000000000000000e+02,1.790000000000000000e+02,1.200000000000000000e+01,2.500000000000000000e+01,1.600000000000000000e+02,1.080000000000000000e+02,4.315141775272983704e-01
1.670000000000000000e+02,1.660000000000000000e+02,1.690000000000000000e+02,1.680000000000000000e+02,1.300000000000000000e+01,2.300000000000000000e+01,1.520000000000000000e+02,1.300000000000000000e+02,3.052243628291344546e-01
1.780000000000000000e+02,1.710000000000000000e+02,1.650000000000000000e+02,1.640000000000000000e+02,9.000000000000000000e+00,2.100000000000000000e+01,1.560000000000000000e+02,1.470000000000000000e+02,6.979290084322406496e-02
1.680000000000000000e+02,1.750000000000000000e+02,1.620000000000000000e+02,1.620000000000000000e+02,1.000000000000000000e+01,1.900000000000000000e+01,1.540000000000000000e+02,1.550000000000000000e+02,-3.393140505997833262e-02
1.700000000000000000e+02,1.790000000000000000e+02,1.610000000000000000e+02,1.610000000000000000e+02,1.000000000000000000e+01,1.700000000000000000e+01,1.630000000000000000e+02,1.680000000000000000e+02,-8.662759201853914570e-02
1.730000000000000000e+02,1.790000000000000000e+02,1.590000000000000000e+02,1.610000000000000000e+02,1.100000000000000000e+01,1.500000000000000000e+01,1.600000000000000000e+02,1.720000000000000000e+02,-1.562863795110593645e-01
1.750000000000000000e+02,1.770000000000000000e+02,1.570000000000000000e+02,1.610000000000000000e+02,1.000000000000000000e+01,1.500000000000000000e+01,1.670000000000000000e+02,1.740000000000000000e+02,-1.610473613382146507e-01
1.750000000000000000e+02,1.770000000000000000e+02,1.560000000000000000e+02,1.610000000000000000e+02,9.000000000000000000e+00,1.500000000000000000e+01,1.590000000000000000e+02,1.770000000000000000e+02,-8.264400167041364986e-02
1.800000000000000000e+02,1.770000000000000000e+02,1.560000000000000000e+02,1.610000000000000000e+02,7.000000000000000000e+00,1.500000000000000000e+01,1.660000000000000000e+02,1.770000000000000000e+02,-5.147323251965313373e-02
1.750000000000000000e+02,1.780000000000000000e+02,1.550000000000000000e+02,1.660000000000000000e+02,1.000000000000000000e+01,1.600000000000000000e+01,1.700000000000000000e+02,1.760000000000000000e+02,2.514713641669603580e-02
1.770000000000000000e+02,1.780000000000000000e+02,1.570000000000000000e+02,1.640000000000000000e+02,1.400000000000000000e+01,1.700000000000000000e+01,1.700000000000000000e+02,1.780000000000000000e+02,1.896613729530802483e-01
1.780000000000000000e+02,1.800000000000000000e+02,1.590000000000000000e+02,1.620000000000000000e+02,1.600000000000000000e+01,1.800000000000000000e+01,1.710000000000000000e+02,1.780000000000000000e+02,2.548039707307098861e-02
1.760000000000000000e+02,1.780000000000000000e+02,1.600000000000000000e+02,1.620000000000000000e+02,1.500000000000000000e+01,1.800000000000000000e+01,1.730000000000000000e+02,1.770000000000000000e+02,2.123253699264280314e-01
1.760000000000000000e+02,1.780000000000000000e+02,1.610000000000000000e+02,1.650000000000000000e+02,1.600000000000000000e+01,2.100000000000000000e+01,1.790000000000000000e+02,1.790000000000000000e+02,3.184257702457437555e-01
1.770000000000000000e+02,1.770000000000000000e+02,1.650000000000000000e+02,1.650000000000000000e+02,1.700000000000000000e+01,2.200000000000000000e+01,1.760000000000000000e+02,1.790000000000000000e+02,1.993965157323414339e-01
1.800000000000000000e+02,1.760000000000000000e+02,1.610000000000000000e+02,1.640000000000000000e+02,1.800000000000000000e+01,2.100000000000000000e+01,1.770000000000000000e+02,1.770000000000000000e+02,2.204519647288071538e-01
1.790000000000000000e+02,1.760000000000000000e+02,1.660000000000000000e+02,1.640000000000000000e+02,1.600000000000000000e+01,2.100000000000000000e+01,1.780000000000000000e+02,1.750000000000000000e+02,3.947263017356475445e-01
1.790000000000000000e+02,1.740000000000000000e+02,1.670000000000000000e+02,1.630000000000000000e+02,1.600000000000000000e+01,1.900000000000000000e+01,1.790000000000000000e+02,1.710000000000000000e+02,2.280730835819795854e-01
1.770000000000000000e+02,1.740000000000000000e+02,1.680000000000000000e+02,1.620000000000000000e+02,1.600000000000000000e+01,2.000000000000000000e+01,1.790000000000000000e+02,1.760000000000000000e+02,4.250518881338523070e-01
1.730000000000000000e+02,1.750000000000000000e+02,1.670000000000000000e+02,1.610000000000000000e+02,1.700000000000000000e+01,1.900000000000000000e+01,1.770000000000000000e+02,1.780000000000000000e+02,4.630995676936801031e-01
1.720000000000000000e+02,1.710000000000000000e+02,1.650000000000000000e+02,1.590000000000000000e+02,1.500000000000000000e+01,1.900000000000000000e+01,1.760000000000000000e+02,1.800000000000000000e+02,5.854015148758311415e-01
1.700000000000000000e+02,1.670000000000000000e+02,1.630000000000000000e+02,1.580000000000000000e+02,1.400000000000000000e+01,1.800000000000000000e+01,1.720000000000000000e+02,1.790000000000000000e+02,6.130322781114760922e-01
1.730000000000000000e+02,1.660000000000000000e+02,1.590000000000000000e+02,1.560000000000000000e+02,1.100000000000000000e+01,1.600000000000000000e+01,1.770000000000000000e+02,1.740000000000000000e+02,5.350054557396499710e-01
1.760000000000000000e+02,1.650000000000000000e+02,1.660000000000000000e+02,1.560000000000000000e+02,9.000000000000000000e+00,1.200000000000000000e+01,1.730000000000000000e+02,1.740000000000000000e+02,3.827397463356780327e-01
1.730000000000000000e+02,1.630000000000000000e+02,1.680000000000000000e+02,1.560000000000000000e+02,8.000000000000000000e+00,1.200000000000000000e+01,1.720000000000000000e+02,1.700000000000000000e+02,4.985609394187474619e-01
1.740000000000000000e+02,1.620000000000000000e+02,1.510000000000000000e+02,1.560000000000000000e+02,3.000000000000000000e+00,8.000000000000000000e+00,1.780000000000000000e+02,1.660000000000000000e+02,8.041520626614667711e-01
1.720000000000000000e+02,1.620000000000000000e+02,1.510000000000000000e+02,1.550000000000000000e+02,2.000000000000000000e+00,8.000000000000000000e+00,1.690000000000000000e+02,1.770000000000000000e+02,8.866857528740512695e-01
1.650000000000000000e+02,1.550000000000000000e+02,1.520000000000000000e+02,1.550000000000000000e+02,2.000000000000000000e+00,7.000000000000000000e+00,1.680000000000000000e+02,1.610000000000000000e+02,1.108406217845068431e+00
1.570000000000000000e+02,1.500000000000000000e+02,1.550000000000000000e+02,1.550000000000000000e+02,0.000000000000000000e+00,3.000000000000000000e+00,1.580000000000000000e+02,1.720000000000000000e+02,1.166992891527972587e+00
1.630000000000000000e+02,1.590000000000000000e+02,1.560000000000000000e+02,1.550000000000000000e+02,3.000000000000000000e+00,6.000000000000000000e+00,1.740000000000000000e+02,1.780000000000000000e+02,1.339346976675390710e+00
1.690000000000000000e+02,1.510000000000000000e+02,1.560000000000000000e+02,1.550000000000000000e+02,1.600000000000000000e+01,8.000000000000000000e+00,1.780000000000000000e+02,1.620000000000000000e+02,2.517442517465783069e+00
1.590000000000000000e+02,1.590000000000000000e+02,1.450000000000000000e+02,1.530000000000000000e+02,1.600000000000000000e+01,2.200000000000000000e+01,1.600000000000000000e+02,1.290000000000000000e+02,-3.414337865055387766e+01
1.550000000000000000e+02,1.460000000000000000e+02,8.500000000000000000e+01,1.500000000000000000e+02,2.000000000000000000e+01,2.100000000000000000e+01,1.600000000000000000e+02,1.540000000000000000e+02,-1.989385182908084815e+01
1.550000000000000000e+02,1.450000000000000000e+02,1.650000000000000000e+02,1.490000000000000000e+02,2.700000000000000000e+01,3.000000000000000000e+01,1.630000000000000000e+02,1.670000000000000000e+02,-5.041778357787810805e+00
1.570000000000000000e+02,1.310000000000000000e+02,1.460000000000000000e+02,1.490000000000000000e+02,3.200000000000000000e+01,3.200000000000000000e+01,1.590000000000000000e+02,1.780000000000000000e+02,-4.657565590240056785e+00
1.530000000000000000e+02,1.270000000000000000e+02,1.510000000000000000e+02,1.500000000000000000e+02,3.400000000000000000e+01,3.600000000000000000e+01,1.580000000000000000e+02,1.690000000000000000e+02,-4.982463365578009729e+00
1.490000000000000000e+02,1.300000000000000000e+02,1.460000000000000000e+02,1.500000000000000000e+02,4.000000000000000000e+01,4.600000000000000000e+01,1.700000000000000000e+02,1.610000000000000000e+02,-5.040366308668666306e+00
1.520000000000000000e+02,1.430000000000000000e+02,1.460000000000000000e+02,1.480000000000000000e+02,4.800000000000000000e+01,6.000000000000000000e+01,1.470000000000000000e+02,1.480000000000000000e+02,-4.085730553863115233e+00
1.530000000000000000e+02,1.510000000000000000e+02,1.480000000000000000e+02,1.500000000000000000e+02,5.400000000000000000e+01,6.900000000000000000e+01,1.510000000000000000e+02,1.430000000000000000e+02,-4.234845374053637812e+00
1.610000000000000000e+02,1.550000000000000000e+02,1.490000000000000000e+02,1.510000000000000000e+02,6.500000000000000000e+01,7.800000000000000000e+01,1.460000000000000000e+02,1.320000000000000000e+02,-2.979986569315591360e+00
1.750000000000000000e+02,1.650000000000000000e+02,1.500000000000000000e+02,1.520000000000000000e+02,7.600000000000000000e+01,9.500000000000000000e+01,1.480000000000000000e+02,1.130000000000000000e+02,-1.725997333307380144e+00
1.730000000000000000e+02,1.700000000000000000e+02,1.510000000000000000e+02,1.530000000000000000e+02,8.400000000000000000e+01,1.020000000000000000e+02,1.210000000000000000e+02,1.000000000000000000e+02,-1.794467616311230751e+00
1.710000000000000000e+02,1.730000000000000000e+02,1.520000000000000000e+02,1.540000000000000000e+02,8.700000000000000000e+01,1.070000000000000000e+02,1.290000000000000000e+02,1.230000000000000000e+02,-1.639101233646603317e+00
1.730000000000000000e+02,1.740000000000000000e+02,1.530000000000000000e+02,1.540000000000000000e+02,9.500000000000000000e+01,1.090000000000000000e+02,1.420000000000000000e+02,1.330000000000000000e+02,-2.345923958969825307e+00
1.760000000000000000e+02,1.750000000000000000e+02,1.520000000000000000e+02,1.540000000000000000e+02,1.030000000000000000e+02,1.130000000000000000e+02,1.390000000000000000e+02,1.410000000000000000e+02,-4.349345947282653668e+00
1.790000000000000000e+02,1.770000000000000000e+02,1.560000000000000000e+02,1.540000000000000000e+02,1.070000000000000000e+02,1.150000000000000000e+02,1.450000000000000000e+02,1.520000000000000000e+02,-1.260110803324099749e+01
1.770000000000000000e+02,1.760000000000000000e+02,1.560000000000000000e+02,1.540000000000000000e+02,1.080000000000000000e+02,1.140000000000000000e+02,1.520000000000000000e+02,1.540000000000000000e+02,-5.071449096880131151e+02
1.760000000000000000e+02,1.760000000000000000e+02,1.550000000000000000e+02,1.540000000000000000e+02,1.100000000000000000e+02,1.140000000000000000e+02,1.530000000000000000e+02,1.560000000000000000e+02,1.223220594138900097e+01
1.740000000000000000e+02,1.770000000000000000e+02,1.550000000000000000e+02,1.540000000000000000e+02,1.130000000000000000e+02,1.140000000000000000e+02,1.530000000000000000e+02,1.580000000000000000e+02,5.275549410315388599e+00
1.710000000000000000e+02,1.760000000000000000e+02,1.540000000000000000e+02,1.540000000000000000e+02,1.150000000000000000e+02,1.140000000000000000e+02,1.560000000000000000e+02,1.550000000000000000e+02,4.446359186003117081e+00
1.690000000000000000e+02,1.750000000000000000e+02,1.540000000000000000e+02,1.540000000000000000e+02,1.160000000000000000e+02,1.150000000000000000e+02,1.560000000000000000e+02,1.560000000000000000e+02,5.260161546976615199e+00
1.680000000000000000e+02,1.730000000000000000e+02,1.540000000000000000e+02,1.540000000000000000e+02,1.160000000000000000e+02,1.160000000000000000e+02,1.580000000000000000e+02,1.580000000000000000e+02,6.236239049709701554e+00
1.680000000000000000e+02,1.720000000000000000e+02,1.540000000000000000e+02,1.540000000000000000e+02,1.170000000000000000e+02,1.170000000000000000e+02,1.580000000000000000e+02,1.610000000000000000e+02,1.076432629149653764e+01
1.680000000000000000e+02,1.720000000000000000e+02,1.560000000000000000e+02,1.550000000000000000e+02,1.170000000000000000e+02,1.180000000000000000e+02,1.600000000000000000e+02,1.640000000000000000e+02,2.869028366340915071e+01
1.680000000000000000e+02,1.700000000000000000e+02,1.560000000000000000e+02,1.550000000000000000e+02,1.180000000000000000e+02,1.190000000000000000e+02,1.630000000000000000e+02,1.650000000000000000e+02,1.223473819100843585e+01
1.690000000000000000e+02,1.680000000000000000e+02,1.560000000000000000e+02,1.550000000000000000e+02,1.200000000000000000e+02,1.200000000000000000e+02,1.640000000000000000e+02,1.630000000000000000e+02,5.700687359294917655e+00
1.680000000000000000e+02,1.670000000000000000e+02,1.570000000000000000e+02,1.550000000000000000e+02,1.210000000000000000e+02,1.200000000000000000e+02,1.630000000000000000e+02,1.720000000000000000e+02,5.704354566362921375e+00
1.710000000000000000e+02,1.690000000000000000e+02,1.560000000000000000e+02,1.550000000000000000e+02,1.260000000000000000e+02,1.220000000000000000e+02,1.640000000000000000e+02,1.680000000000000000e+02,4.109466134910940482e+00
1.720000000000000000e+02,1.700000000000000000e+02,1.560000000000000000e+02,1.550000000000000000e+02,1.270000000000000000e+02,1.230000000000000000e+02,1.620000000000000000e+02,1.750000000000000000e+02,3.066081921574769886e+00
1.770000000000000000e+02,1.600000000000000000e+02,1.560000000000000000e+02,1.530000000000000000e+02,1.360000000000000000e+02,1.170000000000000000e+02,1.610000000000000000e+02,1.770000000000000000e+02,3.148557189542483759e+00
1.760000000000000000e+02,1.660000000000000000e+02,1.550000000000000000e+02,1.530000000000000000e+02,1.340000000000000000e+02,1.220000000000000000e+02,1.600000000000000000e+02,1.790000000000000000e+02,1.889084777785100755e+00
1.740000000000000000e+02,1.680000000000000000e+02,1.540000000000000000e+02,1.520000000000000000e+02,1.340000000000000000e+02,1.230000000000000000e+02,1.640000000000000000e+02,1.790000000000000000e+02,2.280478597344854474e+00
1.750000000000000000e+02,1.720000000000000000e+02,1.530000000000000000e+02,1.520000000000000000e+02,1.270000000000000000e+02,1.280000000000000000e+02,1.670000000000000000e+02,1.670000000000000000e+02,1.573243853487205302e+00
1.740000000000000000e+02,1.740000000000000000e+02,1.530000000000000000e+02,1.520000000000000000e+02,1.210000000000000000e+02,1.350000000000000000e+02,1.800000000000000000e+02,1.600000000000000000e+02,-1.054862890726901758e+00
1.740000000000000000e+02,1.730000000000000000e+02,1.530000000000000000e+02,1.520000000000000000e+02,1.180000000000000000e+02,1.340000000000000000e+02,1.760000000000000000e+02,1.620000000000000000e+02,-2.764107470613504258e+00
1.740000000000000000e+02,1.740000000000000000e+02,1.530000000000000000e+02,1.530000000000000000e+02,1.200000000000000000e+02,1.350000000000000000e+02,1.750000000000000000e+02,1.710000000000000000e+02,-1.121632584732667137e+00
1.640000000000000000e+02,1.710000000000000000e+02,1.530000000000000000e+02,1.530000000000000000e+02,1.290000000000000000e+02,1.270000000000000000e+02,1.590000000000000000e+02,1.780000000000000000e+02,4.367014794483104367e+00
1.760000000000000000e+02,1.680000000000000000e+02,1.530000000000000000e+02,1.530000000000000000e+02,1.410000000000000000e+02,1.170000000000000000e+02,1.600000000000000000e+02,1.630000000000000000e+02,8.791475289362484347e+00
1.780000000000000000e+02,1.670000000000000000e+02,1.540000000000000000e+02,1.530000000000000000e+02,1.440000000000000000e+02,1.040000000000000000e+02,1.610000000000000000e+02,1.440000000000000000e+02,8.819115051865880517e+00
1.790000000000000000e+02,1.280000000000000000e+02,1.540000000000000000e+02,1.520000000000000000e+02,1.460000000000000000e+02,6.800000000000000000e+01,1.650000000000000000e+02,1.430000000000000000e+02,1.759224361347648937e+02
1.780000000000000000e+02,1.560000000000000000e+02,1.550000000000000000e+02,1.530000000000000000e+02,1.490000000000000000e+02,8.800000000000000000e+01,1.650000000000000000e+02,1.390000000000000000e+02,2.844992772245422330e+01
1.780000000000000000e+02,1.500000000000000000e+02,1.550000000000000000e+02,1.530000000000000000e+02,1.490000000000000000e+02,7.800000000000000000e+01,1.630000000000000000e+02,1.380000000000000000e+02,3.068504254221992866e+01
1.790000000000000000e+02,1.380000000000000000e+02,1.640000000000000000e+02,1.530000000000000000e+02,1.520000000000000000e+02,6.800000000000000000e+01,1.670000000000000000e+02,1.390000000000000000e+02,-2.847693170488534520e+02
1.780000000000000000e+02,1.580000000000000000e+02,1.640000000000000000e+02,1.540000000000000000e+02,1.530000000000000000e+02,7.800000000000000000e+01,1.670000000000000000e+02,1.330000000000000000e+02,4.499207584830339215e+02
1.780000000000000000e+02,1.750000000000000000e+02,1.710000000000000000e+02,1.540000000000000000e+02,1.540000000000000000e+02,1.410000000000000000e+02,1.680000000000000000e+02,1.760000000000000000e+02,1.885913779680809554e+01
1.790000000000000000e+02,1.770000000000000000e+02,1.040000000000000000e+02,1.540000000000000000e+02,1.550000000000000000e+02,1.500000000000000000e+02,1.720000000000000000e+02,1.720000000000000000e+02,8.664851097681459891e+00
1.510000000000000000e+02,1.770000000000000000e+02,1.680000000000000000e+02,1.540000000000000000e+02,9.600000000000000000e+01,1.520000000000000000e+02,1.310000000000000000e+02,1.710000000000000000e+02,-6.088189366596226115e-01
1.740000000000000000e+02,1.780000000000000000e+02,1.780000000000000000e+02,1.530000000000000000e+02,8.200000000000000000e+01,1.520000000000000000e+02,1.690000000000000000e+02,1.720000000000000000e+02,-1.688064776013515456e+00
1.650000000000000000e+02,1.770000000000000000e+02,1.690000000000000000e+02,1.520000000000000000e+02,7.600000000000000000e+01,1.510000000000000000e+02,1.770000000000000000e+02,1.690000000000000000e+02,-1.257132017781388278e+00
1.740000000000000000e+02,1.770000000000000000e+02,1.650000000000000000e+02,1.520000000000000000e+02,8.600000000000000000e+01,1.530000000000000000e+02,1.760000000000000000e+02,1.700000000000000000e+02,-9.439162544127891463e-01
1.740000000000000000e+02,1.760000000000000000e+02,1.630000000000000000e+02,1.520000000000000000e+02,1.000000000000000000e+02,1.530000000000000000e+02,8.100000000000000000e+01,1.710000000000000000e+02,-9.867062942633553213e-01
1.370000000000000000e+02,1.350000000000000000e+02,1.570000000000000000e+02,1.520000000000000000e+02,1.440000000000000000e+02,1.500000000000000000e+02,1.770000000000000000e+02,1.570000000000000000e+02,-1.896923429269409933e+00
1.720000000000000000e+02,1.750000000000000000e+02,1.560000000000000000e+02,1.530000000000000000e+02,1.500000000000000000e+02,8.600000000000000000e+01,1.670000000000000000e+02,1.700000000000000000e+02,7.468228560341482414e+00
1.660000000000000000e+02,1.630000000000000000e+02,1.530000000000000000e+02,1.540000000000000000e+02,1.480000000000000000e+02,7.700000000000000000e+01,1.590000000000000000e+02,1.580000000000000000e+02,-3.452205334525406122e-01
1.640000000000000000e+02,1.770000000000000000e+02,1.510000000000000000e+02,1.540000000000000000e+02,1.490000000000000000e+02,9.000000000000000000e+01,1.570000000000000000e+02,1.550000000000000000e+02,-4.636839420198856088e-01
1.610000000000000000e+02,1.650000000000000000e+02,1.350000000000000000e+02,1.540000000000000000e+02,1.480000000000000000e+02,9.000000000000000000e+01,1.550000000000000000e+02,1.420000000000000000e+02,-6.334431471477451892e-01
1.560000000000000000e+02,1.580000000000000000e+02,1.310000000000000000e+02,1.540000000000000000e+02,1.460000000000000000e+02,9.100000000000000000e+01,1.570000000000000000e+02,1.350000000000000000e+02,-7.176196883586134501e-01
1.490000000000000000e+02,1.780000000000000000e+02,1.410000000000000000e+02,1.540000000000000000e+02,1.370000000000000000e+02,1.040000000000000000e+02,1.570000000000000000e+02,1.510000000000000000e+02,-5.818349050405813294e-01
1.450000000000000000e+02,1.540000000000000000e+02,1.400000000000000000e+02,1.540000000000000000e+02,1.370000000000000000e+02,9.500000000000000000e+01,1.610000000000000000e+02,1.390000000000000000e+02,-7.975823821183272155e-01
1.410000000000000000e+02,1.540000000000000000e+02,1.400000000000000000e+02,1.530000000000000000e+02,1.370000000000000000e+02,9.700000000000000000e+01,1.640000000000000000e+02,1.280000000000000000e+02,-9.497873350351513366e-01
1.360000000000000000e+02,1.550000000000000000e+02,1.400000000000000000e+02,1.530000000000000000e+02,1.340000000000000000e+02,1.010000000000000000e+02,1.650000000000000000e+02,1.230000000000000000e+02,-9.826972998780315605e-01
1.230000000000000000e+02,1.780000000000000000e+02,1.430000000000000000e+02,1.530000000000000000e+02,1.270000000000000000e+02,1.160000000000000000e+02,1.590000000000000000e+02,1.450000000000000000e+02,-8.703039697648264905e-01
1.160000000000000000e+02,1.720000000000000000e+02,1.480000000000000000e+02,1.540000000000000000e+02,1.230000000000000000e+02,1.210000000000000000e+02,1.550000000000000000e+02,1.550000000000000000e+02,-9.932928196525263598e-01
1.040000000000000000e+02,1.710000000000000000e+02,1.520000000000000000e+02,1.560000000000000000e+02,1.200000000000000000e+02,1.200000000000000000e+02,1.560000000000000000e+02,1.510000000000000000e+02,-1.093761168005499496e+00
9.600000000000000000e+01,1.720000000000000000e+02,1.540000000000000000e+02,1.560000000000000000e+02,1.160000000000000000e+02,1.200000000000000000e+02,1.630000000000000000e+02,1.550000000000000000e+02,-1.025599087903530382e+00
1.380000000000000000e+02,1.780000000000000000e+02,1.540000000000000000e+02,1.570000000000000000e+02,1.120000000000000000e+02,1.200000000000000000e+02,1.370000000000000000e+02,1.430000000000000000e+02,-7.132110564206019243e-02
1.200000000000000000e+01,1.750000000000000000e+02,1.520000000000000000e+02,1.540000000000000000e+02,1.200000000000000000e+01,1.310000000000000000e+02,1.240000000000000000e+02,1.350000000000000000e+02,7.372208017243201406e-01
5.800000000000000000e+01,1.780000000000000000e+02,1.520000000000000000e+02,1.460000000000000000e+02,1.130000000000000000e+02,1.270000000000000000e+02,2.500000000000000000e+01,1.370000000000000000e+02,6.888757669461487154e-01
1.770000000000000000e+02,1.780000000000000000e+02,1.510000000000000000e+02,1.530000000000000000e+02,1.060000000000000000e+02,1.250000000000000000e+02,1.720000000000000000e+02,1.400000000000000000e+02,6.595383453031237186e-01
1.780000000000000000e+02,1.780000000000000000e+02,1.540000000000000000e+02,1.560000000000000000e+02,1.020000000000000000e+02,1.240000000000000000e+02,1.650000000000000000e+02,1.420000000000000000e+02,6.179114205090742162e-01
1.710000000000000000e+02,1.770000000000000000e+02,1.470000000000000000e+02,1.570000000000000000e+02,1.030000000000000000e+02,1.260000000000000000e+02,1.740000000000000000e+02,1.490000000000000000e+02,2.159596136373791719e-01
1.700000000000000000e+02,1.740000000000000000e+02,1.550000000000000000e+02,1.580000000000000000e+02,1.060000000000000000e+02,1.260000000000000000e+02,1.770000000000000000e+02,1.490000000000000000e+02,1.626076751838946843e-01
1.610000000000000000e+02,1.710000000000000000e+02,1.170000000000000000e+02,1.590000000000000000e+02,1.050000000000000000e+02,1.250000000000000000e+02,1.610000000000000000e+02,1.620000000000000000e+02,-6.015774352275521375e-01
1.380000000000000000e+02,1.690000000000000000e+02,6.400000000000000000e+01,1.590000000000000000e+02,7.400000000000000000e+01,1.250000000000000000e+02,1.460000000000000000e+02,1.680000000000000000e+02,6.847599911332937772e-01
1.360000000000000000e+02,1.670000000000000000e+02,2.200000000000000000e+01,1.600000000000000000e+02,7.400000000000000000e+01,1.250000000000000000e+02,5.200000000000000000e+01,1.770000000000000000e+02,9.471797078526236646e+00
1.310000000000000000e+02,1.700000000000000000e+02,6.900000000000000000e+01,1.610000000000000000e+02,6.800000000000000000e+01,1.200000000000000000e+02,1.760000000000000000e+02,1.590000000000000000e+02,-3.975803824058989733e+01
9.500000000000000000e+01,1.450000000000000000e+02,1.620000000000000000e+02,1.270000000000000000e+02,5.800000000000000000e+01,1.030000000000000000e+02,1.730000000000000000e+02,1.640000000000000000e+02,-2.207412286858957184e+00
8.900000000000000000e+01,1.490000000000000000e+02,1.630000000000000000e+02,1.690000000000000000e+02,5.200000000000000000e+01,1.110000000000000000e+02,1.760000000000000000e+02,1.760000000000000000e+02,-1.028665790543461744e+00
8.700000000000000000e+01,1.490000000000000000e+02,1.640000000000000000e+02,1.670000000000000000e+02,3.800000000000000000e+01,1.140000000000000000e+02,1.650000000000000000e+02,1.720000000000000000e+02,-1.008746976719305799e+00
7.700000000000000000e+01,1.470000000000000000e+02,1.640000000000000000e+02,1.690000000000000000e+02,2.700000000000000000e+01,1.150000000000000000e+02,1.790000000000000000e+02,1.780000000000000000e+02,-7.043210119482306020e-01
8.200000000000000000e+01,1.430000000000000000e+02,1.500000000000000000e+02,1.510000000000000000e+02,2.000000000000000000e+01,1.190000000000000000e+02,1.730000000000000000e+02,1.630000000000000000e+02,-9.954924786852185070e-01
1.780000000000000000e+02,1.590000000000000000e+02,1.380000000000000000e+02,1.720000000000000000e+02,3.100000000000000000e+01,1.360000000000000000e+02,9.500000000000000000e+01,1.750000000000000000e+02,-2.742376564496825098e-01
1.690000000000000000e+02,1.640000000000000000e+02,1.440000000000000000e+02,1.410000000000000000e+02,1.900000000000000000e+01,1.450000000000000000e+02,9.300000000000000000e+01,1.570000000000000000e+02,-4.331303348252500962e-01
1.460000000000000000e+02,1.760000000000000000e+02,1.220000000000000000e+02,1.760000000000000000e+02,1.200000000000000000e+01,1.550000000000000000e+02,9.000000000000000000e+01,1.720000000000000000e+02,-4.765964584210639066e-01
1.780000000000000000e+02,1.640000000000000000e+02,1.760000000000000000e+02,1.770000000000000000e+02,2.100000000000000000e+01,1.640000000000000000e+02,7.200000000000000000e+01,1.540000000000000000e+02,-1.540209517161857944e-01
1.700000000000000000e+02,1.720000000000000000e+02,1.760000000000000000e+02,1.760000000000000000e+02,1.800000000000000000e+01,1.600000000000000000e+02,1.090000000000000000e+02,1.690000000000000000e+02,-3.610105814951577313e-02
1.590000000000000000e+02,1.750000000000000000e+02,1.030000000000000000e+02,1.740000000000000000e+02,1.700000000000000000e+01,1.730000000000000000e+02,1.340000000000000000e+02,1.710000000000000000e+02,-1.077442247454972524e+00
1.360000000000000000e+02,1.660000000000000000e+02,1.760000000000000000e+02,1.710000000000000000e+02,1.300000000000000000e+01,1.670000000000000000e+02,1.740000000000000000e+02,1.740000000000000000e+02,-8.050605362419663180e+00
1.240000000000000000e+02,1.710000000000000000e+02,1.780000000000000000e+02,1.700000000000000000e+02,9.000000000000000000e+00,1.690000000000000000e+02,1.370000000000000000e+02,1.770000000000000000e+02,3.279742876997915459e+02
1.650000000000000000e+02,1.740000000000000000e+02,1.760000000000000000e+02,1.680000000000000000e+02,1.200000000000000000e+01,1.730000000000000000e+02,1.690000000000000000e+02,1.740000000000000000e+02,-1.374374001615775942e+00
1.780000000000000000e+02,1.790000000000000000e+02,1.720000000000000000e+02,1.640000000000000000e+02,1.400000000000000000e+01,1.780000000000000000e+02,1.750000000000000000e+02,1.730000000000000000e+02,-5.402509733354314836e-01
1.770000000000000000e+02,1.790000000000000000e+02,1.730000000000000000e+02,1.630000000000000000e+02,1.600000000000000000e+01,1.770000000000000000e+02,1.750000000000000000e+02,1.790000000000000000e+02,-2.810068069810816027e-01
1.760000000000000000e+02,1.790000000000000000e+02,1.760000000000000000e+02,1.610000000000000000e+02,1.500000000000000000e+01,1.770000000000000000e+02,1.750000000000000000e+02,1.740000000000000000e+02,-2.182136402731397473e-01
1.760000000000000000e+02,1.730000000000000000e+02,1.760000000000000000e+02,1.610000000000000000e+02,1.500000000000000000e+01,1.750000000000000000e+02,1.710000000000000000e+02,1.730000000000000000e+02,-1.330435411866414952e-01
1.770000000000000000e+02,1.680000000000000000e+02,1.740000000000000000e+02,1.630000000000000000e+02,1.700000000000000000e+01,1.710000000000000000e+02,1.670000000000000000e+02,1.740000000000000000e+02,-6.981085555281603405e-02
1.750000000000000000e+02,1.660000000000000000e+02,1.700000000000000000e+02,1.690000000000000000e+02,2.000000000000000000e+01,1.640000000000000000e+02,1.640000000000000000e+02,1.760000000000000000e+02,-5.750212989966246857e-02
1.770000000000000000e+02,1.640000000000000000e+02,1.690000000000000000e+02,1.730000000000000000e+02,2.300000000000000000e+01,1.600000000000000000e+02,1.640000000000000000e+02,1.740000000000000000e+02,-1.363639183679096756e-01
1.750000000000000000e+02,1.620000000000000000e+02,1.660000000000000000e+02,1.760000000000000000e+02,2.700000000000000000e+01,1.560000000000000000e+02,1.690000000000000000e+02,1.720000000000000000e+02,-1.779778746399530986e-01
1.760000000000000000e+02,1.610000000000000000e+02,1.670000000000000000e+02,1.780000000000000000e+02,3.000000000000000000e+01,1.500000000000000000e+02,1.710000000000000000e+02,1.680000000000000000e+02,-1.955315668175250376e-01
1.780000000000000000e+02,1.500000000000000000e+02,1.670000000000000000e+02,1.790000000000000000e+02,3.100000000000000000e+01,1.360000000000000000e+02,1.790000000000000000e+02,1.740000000000000000e+02,-1.861001456294802403e-01
1.800000000000000000e+02,1.330000000000000000e+02,1.660000000000000000e+02,1.770000000000000000e+02,3.200000000000000000e+01,1.180000000000000000e+02,1.750000000000000000e+02,1.730000000000000000e+02,-1.822746656982117686e-01
1.790000000000000000e+02,1.130000000000000000e+02,1.640000000000000000e+02,1.730000000000000000e+02,3.200000000000000000e+01,9.400000000000000000e+01,1.740000000000000000e+02,1.760000000000000000e+02,-9.668862462639170319e-02
1.790000000000000000e+02,1.060000000000000000e+02,1.650000000000000000e+02,1.730000000000000000e+02,3.300000000000000000e+01,8.100000000000000000e+01,1.680000000000000000e+02,1.650000000000000000e+02,-3.772421186027528645e-03
1.780000000000000000e+02,9.300000000000000000e+01,1.660000000000000000e+02,1.740000000000000000e+02,3.200000000000000000e+01,6.000000000000000000e+01,1.610000000000000000e+02,1.640000000000000000e+02,9.196039909521297462e-02
1.790000000000000000e+02,9.000000000000000000e+01,1.690000000000000000e+02,1.760000000000000000e+02,2.900000000000000000e+01,5.000000000000000000e+01,1.610000000000000000e+02,1.550000000000000000e+02,1.789192484661050186e-01
1.790000000000000000e+02,8.300000000000000000e+01,1.760000000000000000e+02,1.770000000000000000e+02,2.600000000000000000e+01,4.000000000000000000e+01,1.530000000000000000e+02,1.550000000000000000e+02,2.338893792025709129e-01
1.780000000000000000e+02,9.100000000000000000e+01,1.650000000000000000e+02,1.780000000000000000e+02,2.400000000000000000e+01,3.700000000000000000e+01,1.430000000000000000e+02,1.500000000000000000e+02,3.116299162127355027e-01
1.770000000000000000e+02,9.800000000000000000e+01,1.060000000000000000e+02,1.770000000000000000e+02,2.300000000000000000e+01,2.600000000000000000e+01,1.440000000000000000e+02,1.300000000000000000e+02,3.732690016046970594e-01
1.740000000000000000e+02,1.090000000000000000e+02,8.600000000000000000e+01,1.750000000000000000e+02,2.200000000000000000e+01,2.000000000000000000e+01,1.550000000000000000e+02,1.250000000000000000e+02,4.112398519418746790e-01
1.650000000000000000e+02,1.190000000000000000e+02,9.700000000000000000e+01,1.740000000000000000e+02,1.900000000000000000e+01,1.500000000000000000e+01,1.570000000000000000e+02,1.120000000000000000e+02,4.465134970427892536e-01
1.650000000000000000e+02,1.360000000000000000e+02,1.720000000000000000e+02,1.800000000000000000e+02,1.400000000000000000e+01,1.200000000000000000e+01,1.670000000000000000e+02,1.070000000000000000e+02,4.361180816577096553e-01
1.600000000000000000e+02,1.470000000000000000e+02,1.710000000000000000e+02,1.790000000000000000e+02,8.000000000000000000e+00,1.000000000000000000e+01,1.790000000000000000e+02,1.080000000000000000e+02,4.136731118921261330e-01
1.580000000000000000e+02,1.540000000000000000e+02,1.700000000000000000e+02,1.790000000000000000e+02,5.000000000000000000e+00,9.000000000000000000e+00,1.740000000000000000e+02,1.230000000000000000e+02,4.793757325003130121e-01
1.560000000000000000e+02,1.590000000000000000e+02,1.770000000000000000e+02,1.780000000000000000e+02,2.000000000000000000e+00,8.000000000000000000e+00,1.650000000000000000e+02,1.460000000000000000e+02,4.481064354090759094e-01
1.560000000000000000e+02,1.620000000000000000e+02,1.760000000000000000e+02,1.790000000000000000e+02,8.000000000000000000e+00,4.000000000000000000e+00,1.650000000000000000e+02,1.470000000000000000e+02,4.150343548576963526e-01
1.630000000000000000e+02,1.640000000000000000e+02,1.770000000000000000e+02,1.780000000000000000e+02,1.400000000000000000e+01,1.000000000000000000e+00,1.700000000000000000e+02,1.530000000000000000e+02,4.096454717644745780e-01
1.600000000000000000e+02,1.580000000000000000e+02,1.790000000000000000e+02,1.790000000000000000e+02,1.300000000000000000e+01,0.000000000000000000e+00,1.790000000000000000e+02,1.600000000000000000e+02,4.587208136583367235e-01
1.650000000000000000e+02,1.580000000000000000e+02,1.790000000000000000e+02,1.780000000000000000e+02,2.000000000000000000e+01,2.000000000000000000e+00,1.740000000000000000e+02,1.620000000000000000e+02,4.160739401433377060e-01
1.590000000000000000e+02,1.500000000000000000e+02,1.780000000000000000e+02,1.760000000000000000e+02,2.100000000000000000e+01,2.000000000000000000e+00,1.710000000000000000e+02,1.650000000000000000e+02,4.137216420965934005e-01
1.560000000000000000e+02,1.550000000000000000e+02,1.760000000000000000e+02,1.730000000000000000e+02,2.200000000000000000e+01,5.000000000000000000e+00,1.720000000000000000e+02,1.640000000000000000e+02,4.028057376704384795e-01
1.440000000000000000e+02,1.550000000000000000e+02,1.770000000000000000e+02,1.730000000000000000e+02,2.200000000000000000e+01,5.000000000000000000e+00,1.640000000000000000e+02,1.600000000000000000e+02,4.056818728488522097e-01
1.170000000000000000e+02,1.610000000000000000e+02,1.760000000000000000e+02,1.720000000000000000e+02,1.400000000000000000e+01,5.000000000000000000e+00,1.740000000000000000e+02,1.600000000000000000e+02,4.592007053565356767e-01
1.080000000000000000e+02,1.570000000000000000e+02,1.730000000000000000e+02,1.680000000000000000e+02,8.000000000000000000e+00,5.000000000000000000e+00,1.680000000000000000e+02,1.710000000000000000e+02,5.205351329587688536e-01
1.140000000000000000e+02,1.400000000000000000e+02,1.730000000000000000e+02,1.700000000000000000e+02,9.000000000000000000e+00,6.000000000000000000e+00,1.640000000000000000e+02,1.020000000000000000e+02,6.047043071317759200e-01
1.190000000000000000e+02,1.630000000000000000e+02,1.730000000000000000e+02,1.700000000000000000e+02,5.000000000000000000e+00,5.000000000000000000e+00,1.520000000000000000e+02,1.750000000000000000e+02,6.062415044972971900e-01
1.110000000000000000e+02,1.780000000000000000e+02,1.720000000000000000e+02,1.690000000000000000e+02,9.000000000000000000e+00,1.000000000000000000e+01,1.560000000000000000e+02,1.610000000000000000e+02,6.654369239534942970e-01
9.500000000000000000e+01,1.760000000000000000e+02,1.730000000000000000e+02,1.650000000000000000e+02,3.400000000000000000e+01,1.500000000000000000e+01,1.630000000000000000e+02,1.680000000000000000e+02,7.016991808685058007e-01
7.300000000000000000e+01,1.730000000000000000e+02,1.700000000000000000e+02,1.650000000000000000e+02,6.100000000000000000e+01,1.600000000000000000e+01,1.660000000000000000e+02,1.610000000000000000e+02,7.798548483733525050e-01
3.900000000000000000e+01,1.670000000000000000e+02,1.710000000000000000e+02,1.650000000000000000e+02,9.900000000000000000e+01,2.000000000000000000e+01,1.710000000000000000e+02,1.530000000000000000e+02,9.295947496097937135e-01
2.500000000000000000e+01,1.620000000000000000e+02,1.710000000000000000e+02,1.670000000000000000e+02,1.140000000000000000e+02,2.200000000000000000e+01,1.710000000000000000e+02,1.460000000000000000e+02,9.934955073515552293e-01
2.100000000000000000e+01,1.590000000000000000e+02,1.710000000000000000e+02,1.680000000000000000e+02,1.230000000000000000e+02,2.400000000000000000e+01,1.720000000000000000e+02,1.470000000000000000e+02,1.016834637942753305e+00
1.900000000000000000e+01,1.560000000000000000e+02,1.700000000000000000e+02,1.710000000000000000e+02,1.260000000000000000e+02,2.500000000000000000e+01,1.660000000000000000e+02,1.510000000000000000e+02,1.125153838284575158e+00
1.600000000000000000e+01,1.490000000000000000e+02,1.690000000000000000e+02,1.730000000000000000e+02,1.300000000000000000e+02,2.600000000000000000e+01,1.680000000000000000e+02,1.540000000000000000e+02,1.173999353786260968e+00
1.300000000000000000e+01,1.470000000000000000e+02,1.670000000000000000e+02,1.740000000000000000e+02,1.330000000000000000e+02,2.800000000000000000e+01,1.760000000000000000e+02,1.510000000000000000e+02,1.239037794360662081e+00
9.000000000000000000e+00,1.500000000000000000e+02,1.660000000000000000e+02,1.730000000000000000e+02,1.380000000000000000e+02,2.700000000000000000e+01,1.780000000000000000e+02,1.460000000000000000e+02,1.183178686029330295e+00
1.000000000000000000e+00,1.520000000000000000e+02,1.660000000000000000e+02,1.740000000000000000e+02,1.430000000000000000e+02,2.600000000000000000e+01,1.790000000000000000e+02,1.350000000000000000e+02,1.095835760397828151e+00
2.000000000000000000e+00,1.490000000000000000e+02,1.650000000000000000e+02,1.740000000000000000e+02,1.470000000000000000e+02,2.700000000000000000e+01,1.680000000000000000e+02,1.310000000000000000e+02,1.080135175709074025e+00
1.100000000000000000e+01,1.500000000000000000e+02,1.640000000000000000e+02,1.750000000000000000e+02,1.460000000000000000e+02,2.700000000000000000e+01,1.750000000000000000e+02,1.300000000000000000e+02,1.047285319730825615e+00
4.400000000000000000e+01,1.530000000000000000e+02,1.670000000000000000e+02,1.760000000000000000e+02,1.350000000000000000e+02,3.200000000000000000e+01,1.400000000000000000e+02,1.320000000000000000e+02,1.104107872051840911e+00
1.200000000000000000e+02,1.580000000000000000e+02,1.710000000000000000e+02,1.800000000000000000e+02,1.150000000000000000e+02,3.400000000000000000e+01,8.600000000000000000e+01,1.450000000000000000e+02,1.031256309362476697e+00
1.020000000000000000e+02,1.600000000000000000e+02,1.700000000000000000e+02,1.790000000000000000e+02,9.100000000000000000e+01,3.100000000000000000e+01,1.450000000000000000e+02,1.410000000000000000e+02,9.159437569085957520e-01
9.000000000000000000e+01,1.630000000000000000e+02,1.680000000000000000e+02,1.770000000000000000e+02,7.600000000000000000e+01,2.800000000000000000e+01,1.620000000000000000e+02,1.440000000000000000e+02,8.157804669872309455e-01
9.400000000000000000e+01,1.690000000000000000e+02,1.680000000000000000e+02,1.750000000000000000e+02,7.600000000000000000e+01,2.700000000000000000e+01,1.620000000000000000e+02,1.500000000000000000e+02,7.581781783120790097e-01
7.700000000000000000e+01,1.740000000000000000e+02,1.680000000000000000e+02,1.740000000000000000e+02,5.800000000000000000e+01,2.500000000000000000e+01,1.690000000000000000e+02,1.590000000000000000e+02,7.013419186328702093e-01
7.100000000000000000e+01,1.790000000000000000e+02,1.680000000000000000e+02,1.720000000000000000e+02,4.600000000000000000e+01,2.600000000000000000e+01,1.660000000000000000e+02,1.560000000000000000e+02,6.089187296265500260e-01
7.100000000000000000e+01,1.780000000000000000e+02,1.680000000000000000e+02,1.700000000000000000e+02,3.700000000000000000e+01,2.400000000000000000e+01,1.580000000000000000e+02,1.540000000000000000e+02,5.033877166049265384e-01
7.900000000000000000e+01,1.760000000000000000e+02,1.670000000000000000e+02,1.690000000000000000e+02,3.400000000000000000e+01,2.400000000000000000e+01,1.480000000000000000e+02,1.560000000000000000e+02,4.613706675879831187e-01
8.200000000000000000e+01,1.740000000000000000e+02,1.670000000000000000e+02,1.670000000000000000e+02,3.000000000000000000e+01,2.300000000000000000e+01,1.420000000000000000e+02,1.600000000000000000e+02,4.103384723706606230e-01
9.300000000000000000e+01,1.720000000000000000e+02,1.670000000000000000e+02,1.650000000000000000e+02,2.900000000000000000e+01,2.100000000000000000e+01,1.300000000000000000e+02,1.650000000000000000e+02,3.530988925820456314e-01
1.020000000000000000e+02,1.700000000000000000e+02,1.690000000000000000e+02,1.630000000000000000e+02,2.700000000000000000e+01,1.900000000000000000e+01,1.220000000000000000e+02,1.710000000000000000e+02,2.678345032869745568e-01
1.240000000000000000e+02,1.700000000000000000e+02,1.690000000000000000e+02,1.610000000000000000e+02,2.600000000000000000e+01,1.800000000000000000e+01,1.010000000000000000e+02,1.790000000000000000e+02,1.813474309242220084e-01
1.370000000000000000e+02,1.680000000000000000e+02,1.700000000000000000e+02,1.610000000000000000e+02,2.400000000000000000e+01,1.600000000000000000e+01,8.800000000000000000e+01,1.760000000000000000e+02,1.043315818055087496e-01
1.420000000000000000e+02,1.690000000000000000e+02,1.700000000000000000e+02,1.600000000000000000e+02,2.000000000000000000e+01,1.500000000000000000e+01,8.300000000000000000e+01,1.730000000000000000e+02,1.760091755374052630e-02
1.450000000000000000e+02,1.700000000000000000e+02,1.710000000000000000e+02,1.580000000000000000e+02,2.000000000000000000e+01,1.400000000000000000e+01,9.600000000000000000e+01,1.700000000000000000e+02,-5.303286284966436670e-02
1.480000000000000000e+02,1.710000000000000000e+02,1.710000000000000000e+02,1.590000000000000000e+02,1.800000000000000000e+01,1.300000000000000000e+01,1.190000000000000000e+02,1.670000000000000000e+02,-1.309863491415196590e-01
1.560000000000000000e+02,1.700000000000000000e+02,1.720000000000000000e+02,1.580000000000000000e+02,1.900000000000000000e+01,1.300000000000000000e+01,1.250000000000000000e+02,1.700000000000000000e+02,-1.891826098061282213e-01
1.600000000000000000e+02,1.710000000000000000e+02,1.700000000000000000e+02,1.570000000000000000e+02,1.900000000000000000e+01,1.300000000000000000e+01,1.220000000000000000e+02,1.760000000000000000e+02,-2.426723239167332957e-01
1.650000000000000000e+02,1.730000000000000000e+02,1.680000000000000000e+02,1.590000000000000000e+02,1.800000000000000000e+01,1.400000000000000000e+01,1.360000000000000000e+02,1.780000000000000000e+02,-2.640725088521484465e-01
1.660000000000000000e+02,1.710000000000000000e+02,1.640000000000000000e+02,1.580000000000000000e+02,1.700000000000000000e+01,1.200000000000000000e+01,1.450000000000000000e+02,1.780000000000000000e+02,-2.775291726536391335e-01
1.680000000000000000e+02,1.700000000000000000e+02,1.630000000000000000e+02,1.570000000000000000e+02,1.700000000000000000e+01,1.200000000000000000e+01,1.590000000000000000e+02,1.800000000000000000e+02,-2.751123732359821439e-01
1.690000000000000000e+02,1.700000000000000000e+02,1.610000000000000000e+02,1.580000000000000000e+02,1.600000000000000000e+01,1.100000000000000000e+01,1.650000000000000000e+02,1.800000000000000000e+02,-2.971348074688194285e-01
1.710000000000000000e+02,1.700000000000000000e+02,1.600000000000000000e+02,1.600000000000000000e+02,1.600000000000000000e+01,1.100000000000000000e+01,1.660000000000000000e+02,1.800000000000000000e+02,-3.217495436176686097e-01
1.750000000000000000e+02,1.710000000000000000e+02,1.590000000000000000e+02,1.610000000000000000e+02,1.600000000000000000e+01,1.100000000000000000e+01,1.670000000000000000e+02,1.790000000000000000e+02,-3.420192218245555749e-01
1.780000000000000000e+02,1.720000000000000000e+02,1.590000000000000000e+02,1.610000000000000000e+02,1.600000000000000000e+01,1.100000000000000000e+01,1.700000000000000000e+02,1.780000000000000000e+02,-3.509228985317894289e-01
1.800000000000000000e+02,1.710000000000000000e+02,1.610000000000000000e+02,1.620000000000000000e+02,1.600000000000000000e+01,1.100000000000000000e+01,1.710000000000000000e+02,1.800000000000000000e+02,-3.051051768019997779e-01
1.790000000000000000e+02,1.690000000000000000e+02,1.640000000000000000e+02,1.610000000000000000e+02,1.400000000000000000e+01,1.200000000000000000e+01,1.720000000000000000e+02,1.780000000000000000e+02,-2.654889086286090216e-01
1.740000000000000000e+02,1.690000000000000000e+02,1.620000000000000000e+02,1.610000000000000000e+02,1.400000000000000000e+01,1.200000000000000000e+01,1.700000000000000000e+02,1.800000000000000000e+02,-2.321659697891878538e-01
1.730000000000000000e+02,1.690000000000000000e+02,1.660000000000000000e+02,1.620000000000000000e+02,1.300000000000000000e+01,1.200000000000000000e+01,1.710000000000000000e+02,1.780000000000000000e+02,-2.206882611159000085e-01
1.730000000000000000e+02,1.690000000000000000e+02,1.680000000000000000e+02,1.630000000000000000e+02,1.300000000000000000e+01,1.100000000000000000e+01,1.700000000000000000e+02,1.780000000000000000e+02,-1.781149084381311032e-01
1.730000000000000000e+02,1.690000000000000000e+02,1.720000000000000000e+02,1.650000000000000000e+02,1.100000000000000000e+01,1.100000000000000000e+01,1.720000000000000000e+02,1.770000000000000000e+02,-1.756699228524447320e-01
1.730000000000000000e+02,1.690000000000000000e+02,1.710000000000000000e+02,1.660000000000000000e+02,1.000000000000000000e+01,1.200000000000000000e+01,1.740000000000000000e+02,1.760000000000000000e+02,-1.831181523584177739e-01
1.720000000000000000e+02,1.700000000000000000e+02,1.710000000000000000e+02,1.660000000000000000e+02,1.000000000000000000e+01,1.200000000000000000e+01,1.800000000000000000e+02,1.760000000000000000e+02,-1.823896030601162566e-01
1.660000000000000000e+02,1.700000000000000000e+02,1.700000000000000000e+02,1.670000000000000000e+02,1.100000000000000000e+01,1.400000000000000000e+01,1.750000000000000000e+02,1.800000000000000000e+02,-1.587500358439757342e-01
1.580000000000000000e+02,1.710000000000000000e+02,1.680000000000000000e+02,1.680000000000000000e+02,1.200000000000000000e+01,1.600000000000000000e+01,1.650000000000000000e+02,1.770000000000000000e+02,-1.370961155082366378e-01
1.560000000000000000e+02,1.710000000000000000e+02,1.690000000000000000e+02,1.690000000000000000e+02,9.000000000000000000e+00,1.800000000000000000e+01,1.760000000000000000e+02,1.750000000000000000e+02,-1.126762219464851611e-01
1.530000000000000000e+02,1.710000000000000000e+02,1.720000000000000000e+02,1.700000000000000000e+02,9.000000000000000000e+00,2.000000000000000000e+01,1.730000000000000000e+02,1.720000000000000000e+02,-6.789260012579541315e-02
1.470000000000000000e+02,1.710000000000000000e+02,1.710000000000000000e+02,1.690000000000000000e+02,9.000000000000000000e+00,2.200000000000000000e+01,1.780000000000000000e+02,1.700000000000000000e+02,-2.097497036534314019e-02
1.410000000000000000e+02,1.720000000000000000e+02,1.730000000000000000e+02,1.670000000000000000e+02,9.000000000000000000e+00,2.500000000000000000e+01,1.760000000000000000e+02,1.680000000000000000e+02,3.069035419052452583e-04
1.340000000000000000e+02,1.720000000000000000e+02,1.760000000000000000e+02,1.670000000000000000e+02,9.000000000000000000e+00,2.800000000000000000e+01,1.730000000000000000e+02,1.630000000000000000e+02,1.205267573778863975e-02
1.320000000000000000e+02,1.740000000000000000e+02,1.740000000000000000e+02,1.640000000000000000e+02,8.000000000000000000e+00,3.200000000000000000e+01,1.780000000000000000e+02,1.620000000000000000e+02,4.824801678585010495e-02
1.360000000000000000e+02,1.730000000000000000e+02,1.720000000000000000e+02,1.620000000000000000e+02,4.000000000000000000e+00,3.500000000000000000e+01,1.780000000000000000e+02,1.570000000000000000e+02,9.505208463649177097e-02
1.340000000000000000e+02,1.700000000000000000e+02,1.780000000000000000e+02,1.600000000000000000e+02,2.000000000000000000e+00,3.800000000000000000e+01,1.800000000000000000e+02,1.520000000000000000e+02,1.477751826342613706e-01
1.370000000000000000e+02,1.680000000000000000e+02,1.770000000000000000e+02,1.580000000000000000e+02,3.000000000000000000e+00,4.100000000000000000e+01,1.780000000000000000e+02,1.540000000000000000e+02,2.007945563117001508e-01
1.440000000000000000e+02,1.660000000000000000e+02,1.750000000000000000e+02,1.550000000000000000e+02,8.000000000000000000e+00,4.300000000000000000e+01,1.740000000000000000e+02,1.560000000000000000e+02,2.575875209256211495e-01
1.550000000000000000e+02,1.620000000000000000e+02,1.710000000000000000e+02,1.560000000000000000e+02,1.500000000000000000e+01,4.300000000000000000e+01,1.750000000000000000e+02,1.530000000000000000e+02,3.207105338751513601e-01
1.500000000000000000e+02,1.600000000000000000e+02,1.610000000000000000e+02,1.560000000000000000e+02,1.600000000000000000e+01,4.300000000000000000e+01,1.700000000000000000e+02,1.530000000000000000e+02,3.895227158216414409e-01
1.570000000000000000e+02,1.580000000000000000e+02,1.630000000000000000e+02,1.560000000000000000e+02,2.100000000000000000e+01,4.400000000000000000e+01,1.700000000000000000e+02,1.560000000000000000e+02,4.374501210057457068e-01
1.500000000000000000e+02,1.560000000000000000e+02,1.760000000000000000e+02,1.570000000000000000e+02,1.900000000000000000e+01,4.400000000000000000e+01,1.650000000000000000e+02,1.580000000000000000e+02,4.992965595818987801e-01
1.430000000000000000e+02,1.530000000000000000e+02,1.750000000000000000e+02,1.570000000000000000e+02,1.800000000000000000e+01,4.400000000000000000e+01,1.620000000000000000e+02,1.620000000000000000e+02,5.249959680424480801e-01
1.400000000000000000e+02,1.520000000000000000e+02,1.560000000000000000e+02,1.570000000000000000e+02,1.700000000000000000e+01,4.500000000000000000e+01,1.600000000000000000e+02,1.720000000000000000e+02,5.650081365840653458e-01
1.360000000000000000e+02,1.440000000000000000e+02,1.560000000000000000e+02,1.570000000000000000e+02,1.600000000000000000e+01,4.300000000000000000e+01,1.590000000000000000e+02,1.790000000000000000e+02,6.061501373801811976e-01
1.270000000000000000e+02,1.400000000000000000e+02,1.550000000000000000e+02,1.570000000000000000e+02,1.300000000000000000e+01,4.300000000000000000e+01,1.570000000000000000e+02,1.780000000000000000e+02,6.583284298306694149e-01
1.210000000000000000e+02,1.380000000000000000e+02,1.780000000000000000e+02,1.580000000000000000e+02,8.000000000000000000e+00,4.200000000000000000e+01,1.580000000000000000e+02,1.760000000000000000e+02,6.774270602075314063e-01
1.150000000000000000e+02,1.350000000000000000e+02,1.740000000000000000e+02,1.590000000000000000e+02,6.000000000000000000e+00,4.100000000000000000e+01,1.560000000000000000e+02,1.740000000000000000e+02,6.665387162250299147e-01
1.010000000000000000e+02,1.360000000000000000e+02,1.740000000000000000e+02,1.580000000000000000e+02,3.000000000000000000e+00,3.300000000000000000e+01,1.400000000000000000e+02,1.530000000000000000e+02,6.602544691170626479e-01
9.300000000000000000e+01,1.380000000000000000e+02,1.770000000000000000e+02,1.570000000000000000e+02,2.000000000000000000e+00,2.600000000000000000e+01,1.590000000000000000e+02,1.200000000000000000e+02,6.488498105711699715e-01
1.030000000000000000e+02,1.410000000000000000e+02,1.750000000000000000e+02,1.570000000000000000e+02,3.000000000000000000e+00,2.200000000000000000e+01,1.710000000000000000e+02,1.130000000000000000e+02,5.942159531351051127e-01
1.110000000000000000e+02,1.390000000000000000e+02,1.780000000000000000e+02,1.610000000000000000e+02,5.000000000000000000e+00,1.700000000000000000e+01,1.750000000000000000e+02,1.200000000000000000e+02,5.374299085609880455e-01
1.190000000000000000e+02,1.400000000000000000e+02,1.720000000000000000e+02,1.640000000000000000e+02,6.000000000000000000e+00,1.200000000000000000e+01,1.630000000000000000e+02,1.210000000000000000e+02,4.856536685385535179e-01
1.300000000000000000e+02,1.490000000000000000e+02,1.650000000000000000e+02,1.640000000000000000e+02,6.000000000000000000e+00,1.200000000000000000e+01,1.660000000000000000e+02,1.390000000000000000e+02,4.280779785915784230e-01
1.420000000000000000e+02,1.540000000000000000e+02,1.620000000000000000e+02,1.640000000000000000e+02,7.000000000000000000e+00,1.000000000000000000e+01,1.690000000000000000e+02,1.450000000000000000e+02,3.498235533044517509e-01
1.500000000000000000e+02,1.620000000000000000e+02,1.600000000000000000e+02,1.630000000000000000e+02,7.000000000000000000e+00,1.000000000000000000e+01,1.730000000000000000e+02,1.510000000000000000e+02,2.967379295711787823e-01
1.570000000000000000e+02,1.700000000000000000e+02,1.610000000000000000e+02,1.620000000000000000e+02,6.000000000000000000e+00,9.000000000000000000e+00,1.690000000000000000e+02,1.430000000000000000e+02,2.969867994713096260e-01
1.630000000000000000e+02,1.700000000000000000e+02,1.620000000000000000e+02,1.610000000000000000e+02,4.000000000000000000e+00,6.000000000000000000e+00,1.700000000000000000e+02,1.460000000000000000e+02,2.680625242861640611e-01
1.660000000000000000e+02,1.710000000000000000e+02,1.600000000000000000e+02,1.600000000000000000e+02,2.000000000000000000e+00,6.000000000000000000e+00,1.790000000000000000e+02,1.610000000000000000e+02,2.143862593206198042e-01
1.720000000000000000e+02,1.730000000000000000e+02,1.590000000000000000e+02,1.550000000000000000e+02,1.000000000000000000e+00,5.000000000000000000e+00,1.700000000000000000e+02,1.630000000000000000e+02,2.284230139786810887e-01
1.720000000000000000e+02,1.720000000000000000e+02,1.600000000000000000e+02,1.540000000000000000e+02,4.000000000000000000e+00,2.000000000000000000e+00,1.730000000000000000e+02,1.680000000000000000e+02,2.071774250063903311e-01
1.710000000000000000e+02,1.710000000000000000e+02,1.610000000000000000e+02,1.550000000000000000e+02,9.000000000000000000e+00,0.000000000000000000e+00,1.700000000000000000e+02,1.770000000000000000e+02,2.328505890892736130e-01
1.710000000000000000e+02,1.760000000000000000e+02,1.630000000000000000e+02,1.550000000000000000e+02,1.300000000000000000e+01,0.000000000000000000e+00,1.710000000000000000e+02,1.780000000000000000e+02,2.388067995506645835e-01
1.750000000000000000e+02,1.770000000000000000e+02,1.650000000000000000e+02,1.550000000000000000e+02,1.800000000000000000e+01,1.000000000000000000e+00,1.790000000000000000e+02,1.720000000000000000e+02,2.483175313400211859e-01
1.760000000000000000e+02,1.730000000000000000e+02,1.690000000000000000e+02,1.550000000000000000e+02,2.200000000000000000e+01,1.000000000000000000e+00,1.790000000000000000e+02,1.700000000000000000e+02,2.521558898115003888e-01
1.780000000000000000e+02,1.700000000000000000e+02,1.720000000000000000e+02,1.550000000000000000e+02,2.600000000000000000e+01,3.000000000000000000e+00,1.780000000000000000e+02,1.670000000000000000e+02,2.565325214726400516e-01
1.750000000000000000e+02,1.630000000000000000e+02,1.740000000000000000e+02,1.570000000000000000e+02,3.200000000000000000e+01,4.000000000000000000e+00,1.720000000000000000e+02,1.700000000000000000e+02,2.831168186528433828e-01
1.760000000000000000e+02,1.600000000000000000e+02,1.770000000000000000e+02,1.600000000000000000e+02,4.100000000000000000e+01,5.000000000000000000e+00,1.750000000000000000e+02,1.650000000000000000e+02,3.529296792987414721e-01
1.790000000000000000e+02,1.550000000000000000e+02,1.780000000000000000e+02,1.610000000000000000e+02,5.400000000000000000e+01,8.000000000000000000e+00,1.710000000000000000e+02,1.530000000000000000e+02,3.931324333179355701e-01
1.730000000000000000e+02,1.490000000000000000e+02,1.750000000000000000e+02,1.620000000000000000e+02,6.600000000000000000e+01,1.100000000000000000e+01,1.700000000000000000e+02,1.430000000000000000e+02,4.159657997377071426e-01
1.730000000000000000e+02,1.440000000000000000e+02,1.750000000000000000e+02,1.650000000000000000e+02,7.800000000000000000e+01,1.200000000000000000e+01,1.620000000000000000e+02,1.320000000000000000e+02,4.592729919054182042e-01
1.760000000000000000e+02,1.400000000000000000e+02,1.760000000000000000e+02,1.690000000000000000e+02,8.600000000000000000e+01,1.400000000000000000e+01,1.620000000000000000e+02,1.250000000000000000e+02,5.567621392204886721e-01
1.740000000000000000e+02,1.330000000000000000e+02,1.750000000000000000e+02,1.700000000000000000e+02,9.700000000000000000e+01,1.700000000000000000e+01,1.510000000000000000e+02,1.180000000000000000e+02,6.115390536293935364e-01
1.770000000000000000e+02,1.270000000000000000e+02,1.760000000000000000e+02,1.740000000000000000e+02,1.040000000000000000e+02,1.900000000000000000e+01,1.290000000000000000e+02,1.180000000000000000e+02,7.139855829216235072e-01
1.780000000000000000e+02,1.180000000000000000e+02,1.760000000000000000e+02,1.790000000000000000e+02,1.080000000000000000e+02,2.100000000000000000e+01,1.310000000000000000e+02,1.220000000000000000e+02,8.471887759472567225e-01
1.790000000000000000e+02,1.090000000000000000e+02,1.740000000000000000e+02,1.740000000000000000e+02,1.150000000000000000e+02,2.000000000000000000e+01,1.200000000000000000e+02,1.280000000000000000e+02,9.693299758063863569e-01
1.750000000000000000e+02,1.080000000000000000e+02,1.730000000000000000e+02,1.710000000000000000e+02,1.220000000000000000e+02,2.000000000000000000e+01,1.110000000000000000e+02,1.260000000000000000e+02,1.079174837615250127e+00
1.800000000000000000e+02,1.140000000000000000e+02,1.690000000000000000e+02,1.630000000000000000e+02,1.240000000000000000e+02,1.400000000000000000e+01,1.090000000000000000e+02,1.130000000000000000e+02,1.277024329285908033e+00
1.770000000000000000e+02,1.170000000000000000e+02,1.660000000000000000e+02,1.560000000000000000e+02,1.260000000000000000e+02,9.000000000000000000e+00,1.070000000000000000e+02,1.100000000000000000e+02,1.466370735448517149e+00
1.730000000000000000e+02,1.250000000000000000e+02,1.650000000000000000e+02,1.530000000000000000e+02,1.260000000000000000e+02,5.000000000000000000e+00,1.140000000000000000e+02,9.800000000000000000e+01,1.661332779898471168e+00
1.720000000000000000e+02,1.480000000000000000e+02,1.640000000000000000e+02,1.520000000000000000e+02,1.310000000000000000e+02,2.000000000000000000e+00,1.210000000000000000e+02,7.800000000000000000e+01,1.626179551428558190e+00
1.770000000000000000e+02,1.460000000000000000e+02,1.630000000000000000e+02,1.510000000000000000e+02,1.370000000000000000e+02,0.000000000000000000e+00,1.290000000000000000e+02,7.600000000000000000e+01,1.698714634035871640e+00
1.790000000000000000e+02,1.220000000000000000e+02,1.620000000000000000e+02,1.530000000000000000e+02,1.410000000000000000e+02,1.000000000000000000e+00,1.250000000000000000e+02,9.000000000000000000e+01,1.796422347978809064e+00
1.750000000000000000e+02,1.300000000000000000e+02,1.620000000000000000e+02,1.560000000000000000e+02,1.460000000000000000e+02,2.000000000000000000e+00,1.320000000000000000e+02,1.270000000000000000e+02,1.808935377274994094e+00
1.720000000000000000e+02,1.370000000000000000e+02,1.630000000000000000e+02,1.580000000000000000e+02,1.500000000000000000e+02,0.000000000000000000e+00,1.400000000000000000e+02,1.100000000000000000e+01,1.728013186718783567e+00
1.700000000000000000e+02,9.500000000000000000e+01,1.640000000000000000e+02,1.590000000000000000e+02,1.540000000000000000e+02,4.000000000000000000e+00,1.150000000000000000e+02,6.000000000000000000e+01,1.543215619933742122e+00
1.650000000000000000e+02,9.800000000000000000e+01,1.650000000000000000e+02,1.580000000000000000e+02,1.570000000000000000e+02,1.000000000000000000e+00,1.480000000000000000e+02,8.700000000000000000e+01,1.307563950856949653e+00
1.540000000000000000e+02,1.390000000000000000e+02,1.660000000000000000e+02,1.570000000000000000e+02,1.590000000000000000e+02,5.000000000000000000e+00,1.790000000000000000e+02,7.900000000000000000e+01,1.235371440162058132e+00
1.460000000000000000e+02,1.420000000000000000e+02,1.660000000000000000e+02,1.570000000000000000e+02,1.570000000000000000e+02,6.000000000000000000e+00,1.500000000000000000e+02,1.040000000000000000e+02,1.152686219222197828e+00
1.370000000000000000e+02,8.700000000000000000e+01,1.670000000000000000e+02,1.580000000000000000e+02,1.540000000000000000e+02,5.000000000000000000e+00,1.130000000000000000e+02,1.240000000000000000e+02,1.042818833746573137e+00
1.710000000000000000e+02,1.090000000000000000e+02,1.680000000000000000e+02,1.590000000000000000e+02,1.290000000000000000e+02,5.000000000000000000e+00,1.150000000000000000e+02,9.500000000000000000e+01,9.988763063630459182e-01
1.100000000000000000e+02,1.430000000000000000e+02,1.670000000000000000e+02,1.600000000000000000e+02,6.500000000000000000e+01,5.000000000000000000e+00,1.520000000000000000e+02,8.200000000000000000e+01,1.044302229868521614e+00
5.800000000000000000e+01,1.520000000000000000e+02,1.640000000000000000e+02,1.610000000000000000e+02,2.400000000000000000e+01,3.000000000000000000e+00,1.660000000000000000e+02,8.300000000000000000e+01,9.788611875996021672e-01
5.900000000000000000e+01,1.410000000000000000e+02,1.660000000000000000e+02,1.620000000000000000e+02,1.600000000000000000e+01,3.000000000000000000e+00,1.590000000000000000e+02,9.500000000000000000e+01,8.809316165687360867e-01
5.200000000000000000e+01,1.270000000000000000e+02,1.670000000000000000e+02,1.630000000000000000e+02,9.000000000000000000e+00,7.000000000000000000e+00,1.620000000000000000e+02,1.050000000000000000e+02,6.747780988815026415e-01
4.600000000000000000e+01,1.130000000000000000e+02,1.680000000000000000e+02,1.640000000000000000e+02,5.000000000000000000e+00,1.100000000000000000e+01,1.670000000000000000e+02,1.140000000000000000e+02,5.243540333988601088e-01
5.200000000000000000e+01,1.050000000000000000e+02,1.700000000000000000e+02,1.660000000000000000e+02,5.000000000000000000e+00,1.600000000000000000e+01,1.610000000000000000e+02,1.260000000000000000e+02,3.883759758073912494e-01
5.400000000000000000e+01,1.000000000000000000e+02,1.710000000000000000e+02,1.660000000000000000e+02,3.000000000000000000e+00,1.800000000000000000e+01,1.580000000000000000e+02,1.130000000000000000e+02,3.567280553724371805e-01
6.600000000000000000e+01,1.000000000000000000e+02,1.720000000000000000e+02,1.650000000000000000e+02,4.000000000000000000e+00,1.900000000000000000e+01,1.450000000000000000e+02,1.150000000000000000e+02,2.721896723617541203e-01
7.000000000000000000e+01,9.600000000000000000e+01,1.750000000000000000e+02,1.660000000000000000e+02,2.000000000000000000e+00,2.000000000000000000e+01,1.390000000000000000e+02,1.230000000000000000e+02,2.014587259548174525e-01
7.400000000000000000e+01,1.000000000000000000e+02,1.760000000000000000e+02,1.680000000000000000e+02,2.000000000000000000e+00,2.100000000000000000e+01,1.340000000000000000e+02,1.290000000000000000e+02,9.086503897563948107e-02
7.200000000000000000e+01,9.800000000000000000e+01,1.790000000000000000e+02,1.690000000000000000e+02,2.000000000000000000e+00,2.200000000000000000e+01,1.350000000000000000e+02,1.340000000000000000e+02,5.323394130917955686e-02
6.800000000000000000e+01,9.700000000000000000e+01,1.800000000000000000e+02,1.700000000000000000e+02,3.000000000000000000e+00,2.400000000000000000e+01,1.360000000000000000e+02,1.360000000000000000e+02,5.744391041508131734e-03
6.900000000000000000e+01,9.700000000000000000e+01,1.790000000000000000e+02,1.710000000000000000e+02,6.000000000000000000e+00,2.600000000000000000e+01,1.280000000000000000e+02,1.330000000000000000e+02,-4.679130996039903428e-02
6.100000000000000000e+01,9.500000000000000000e+01,1.780000000000000000e+02,1.720000000000000000e+02,9.000000000000000000e+00,2.800000000000000000e+01,1.310000000000000000e+02,1.390000000000000000e+02,-7.541933600903190371e-02
5.800000000000000000e+01,9.500000000000000000e+01,1.770000000000000000e+02,1.730000000000000000e+02,1.100000000000000000e+01,3.200000000000000000e+01,1.240000000000000000e+02,1.390000000000000000e+02,-1.080901607195788178e-01
1.030000000000000000e+02,9.500000000000000000e+01,1.780000000000000000e+02,1.740000000000000000e+02,1.200000000000000000e+01,3.300000000000000000e+01,8.200000000000000000e+01,1.370000000000000000e+02,-1.347944754915569310e-01
1.750000000000000000e+02,9.000000000000000000e+01,1.790000000000000000e+02,1.740000000000000000e+02,1.500000000000000000e+01,3.400000000000000000e+01,2.000000000000000000e+00,1.470000000000000000e+02,-1.499322169286680384e-01
1.750000000000000000e+02,8.800000000000000000e+01,1.790000000000000000e+02,1.730000000000000000e+02,1.900000000000000000e+01,3.500000000000000000e+01,2.200000000000000000e+01,1.560000000000000000e+02,-1.471628701450084231e-01
1.560000000000000000e+02,8.700000000000000000e+01,1.780000000000000000e+02,1.730000000000000000e+02,2.100000000000000000e+01,3.700000000000000000e+01,4.900000000000000000e+01,1.550000000000000000e+02,-1.458123505540563636e-01
1.310000000000000000e+02,8.700000000000000000e+01,1.790000000000000000e+02,1.740000000000000000e+02,2.400000000000000000e+01,3.900000000000000000e+01,7.300000000000000000e+01,1.570000000000000000e+02,-1.527172689683507500e-01
1.220000000000000000e+02,8.800000000000000000e+01,1.800000000000000000e+02,1.740000000000000000e+02,2.700000000000000000e+01,3.700000000000000000e+01,8.200000000000000000e+01,1.560000000000000000e+02,-1.531732006893993803e-01
1.130000000000000000e+02,8.600000000000000000e+01,1.800000000000000000e+02,1.730000000000000000e+02,3.000000000000000000e+01,3.900000000000000000e+01,9.300000000000000000e+01,1.580000000000000000e+02,-1.716201909254786162e-01
1.010000000000000000e+02,8.300000000000000000e+01,1.790000000000000000e+02,1.730000000000000000e+02,3.200000000000000000e+01,4.100000000000000000e+01,1.160000000000000000e+02,1.610000000000000000e+02,-1.824945140178775016e-01
1.030000000000000000e+02,8.000000000000000000e+01,1.770000000000000000e+02,1.730000000000000000e+02,3.400000000000000000e+01,4.200000000000000000e+01,1.170000000000000000e+02,1.630000000000000000e+02,-1.764352600742880306e-01
9.600000000000000000e+01,7.900000000000000000e+01,1.780000000000000000e+02,1.720000000000000000e+02,3.500000000000000000e+01,4.300000000000000000e+01,1.260000000000000000e+02,1.630000000000000000e+02,-1.654979027192549079e-01
9.200000000000000000e+01,7.900000000000000000e+01,1.790000000000000000e+02,1.730000000000000000e+02,3.800000000000000000e+01,4.300000000000000000e+01,1.310000000000000000e+02,1.630000000000000000e+02,-1.677260170118197447e-01
9.000000000000000000e+01,7.900000000000000000e+01,1.790000000000000000e+02,1.740000000000000000e+02,4.000000000000000000e+01,4.400000000000000000e+01,1.340000000000000000e+02,1.640000000000000000e+02,-1.679626376381758435e-01
8.800000000000000000e+01,7.900000000000000000e+01,1.800000000000000000e+02,1.760000000000000000e+02,4.200000000000000000e+01,4.600000000000000000e+01,1.350000000000000000e+02,1.640000000000000000e+02,-1.589915187111992645e-01
8.300000000000000000e+01,8.000000000000000000e+01,1.790000000000000000e+02,1.760000000000000000e+02,4.300000000000000000e+01,4.700000000000000000e+01,1.410000000000000000e+02,1.610000000000000000e+02,-1.699194988841364884e-01
7.900000000000000000e+01,7.800000000000000000e+01,1.780000000000000000e+02,1.770000000000000000e+02,4.400000000000000000e+01,4.900000000000000000e+01,1.460000000000000000e+02,1.610000000000000000e+02,-1.741734103686557178e-01
7.600000000000000000e+01,7.800000000000000000e+01,1.780000000000000000e+02,1.780000000000000000e+02,4.500000000000000000e+01,5.000000000000000000e+01,1.490000000000000000e+02,1.630000000000000000e+02,-1.727141272077361289e-01
7.600000000000000000e+01,7.900000000000000000e+01,1.760000000000000000e+02,1.780000000000000000e+02,4.800000000000000000e+01,5.100000000000000000e+01,1.460000000000000000e+02,1.610000000000000000e+02,-1.739944949302002219e-01
7.500000000000000000e+01,8.000000000000000000e+01,1.760000000000000000e+02,1.780000000000000000e+02,4.800000000000000000e+01,5.300000000000000000e+01,1.490000000000000000e+02,1.610000000000000000e+02,-1.723166168530120834e-01
7.400000000000000000e+01,8.100000000000000000e+01,1.750000000000000000e+02,1.790000000000000000e+02,4.800000000000000000e+01,5.300000000000000000e+01,1.510000000000000000e+02,1.600000000000000000e+02,-1.710334663438464187e-01
7.400000000000000000e+01,8.200000000000000000e+01,1.730000000000000000e+02,1.800000000000000000e+02,4.700000000000000000e+01,5.400000000000000000e+01,1.530000000000000000e+02,1.580000000000000000e+02,-1.707468683122586872e-01
7.500000000000000000e+01,8.300000000000000000e+01,1.710000000000000000e+02,1.790000000000000000e+02,4.700000000000000000e+01,5.500000000000000000e+01,1.520000000000000000e+02,1.570000000000000000e+02,-1.675682103270271783e-01
7.500000000000000000e+01,8.300000000000000000e+01,1.700000000000000000e+02,1.790000000000000000e+02,4.600000000000000000e+01,5.500000000000000000e+01,1.520000000000000000e+02,1.580000000000000000e+02,-1.615649395574804414e-01
7.700000000000000000e+01,8.300000000000000000e+01,1.710000000000000000e+02,1.780000000000000000e+02,4.700000000000000000e+01,5.500000000000000000e+01,1.530000000000000000e+02,1.570000000000000000e+02,-1.582927721819596401e-01
7.800000000000000000e+01,8.300000000000000000e+01,1.720000000000000000e+02,1.790000000000000000e+02,4.700000000000000000e+01,5.600000000000000000e+01,1.530000000000000000e+02,1.570000000000000000e+02,-1.558222138319740047e-01
8.100000000000000000e+01,8.300000000000000000e+01,1.730000000000000000e+02,1.790000000000000000e+02,4.700000000000000000e+01,5.600000000000000000e+01,1.570000000000000000e+02,1.560000000000000000e+02,-1.484546911564807448e-01
8.500000000000000000e+01,8.600000000000000000e+01,1.750000000000000000e+02,1.790000000000000000e+02,4.800000000000000000e+01,5.600000000000000000e+01,1.540000000000000000e+02,1.540000000000000000e+02,-1.383749913006719623e-01
8.800000000000000000e+01,8.800000000000000000e+01,1.760000000000000000e+02,1.780000000000000000e+02,4.700000000000000000e+01,5.600000000000000000e+01,1.530000000000000000e+02,1.530000000000000000e+02,-1.235289868804891195e-01
9.000000000000000000e+01,9.000000000000000000e+01,1.760000000000000000e+02,1.780000000000000000e+02,4.800000000000000000e+01,5.600000000000000000e+01,1.540000000000000000e+02,1.510000000000000000e+02,-1.047130670309897732e-01
9.400000000000000000e+01,9.100000000000000000e+01,1.760000000000000000e+02,1.780000000000000000e+02,4.800000000000000000e+01,5.700000000000000000e+01,1.530000000000000000e+02,1.490000000000000000e+02,-8.958650571040809030e-02
9.700000000000000000e+01,9.100000000000000000e+01,1.760000000000000000e+02,1.780000000000000000e+02,4.800000000000000000e+01,5.700000000000000000e+01,1.550000000000000000e+02,1.490000000000000000e+02,-7.333468851557951862e-02
1.000000000000000000e+02,8.900000000000000000e+01,1.740000000000000000e+02,1.780000000000000000e+02,4.900000000000000000e+01,5.700000000000000000e+01,1.540000000000000000e+02,1.510000000000000000e+02,-6.007468717676481273e-02
1.010000000000000000e+02,8.800000000000000000e+01,1.740000000000000000e+02,1.780000000000000000e+02,4.900000000000000000e+01,5.900000000000000000e+01,1.550000000000000000e+02,1.500000000000000000e+02,-5.105453651607552712e-02
1.020000000000000000e+02,8.900000000000000000e+01,1.740000000000000000e+02,1.770000000000000000e+02,4.900000000000000000e+01,5.900000000000000000e+01,1.540000000000000000e+02,1.500000000000000000e+02,-1.616404712365023671e-02
1.030000000000000000e+02,9.000000000000000000e+01,1.730000000000000000e+02,1.770000000000000000e+02,5.000000000000000000e+01,6.000000000000000000e+01,1.550000000000000000e+02,1.500000000000000000e+02,1.982310034831101422e-04
1.040000000000000000e+02,9.300000000000000000e+01,1.730000000000000000e+02,1.760000000000000000e+02,5.100000000000000000e+01,6.100000000000000000e+01,1.550000000000000000e+02,1.500000000000000000e+02,1.504803445445420870e-02
1.050000000000000000e+02,9.500000000000000000e+01,1.730000000000000000e+02,1.750000000000000000e+02,5.100000000000000000e+01,6.100000000000000000e+01,1.570000000000000000e+02,1.500000000000000000e+02,2.242169141203842822e-02
1.050000000000000000e+02,9.900000000000000000e+01,1.730000000000000000e+02,1.750000000000000000e+02,5.000000000000000000e+01,6.100000000000000000e+01,1.580000000000000000e+02,1.520000000000000000e+02,2.848548780394585117e-02
1.070000000000000000e+02,1.020000000000000000e+02,1.740000000000000000e+02,1.750000000000000000e+02,5.000000000000000000e+01,6.200000000000000000e+01,1.560000000000000000e+02,1.510000000000000000e+02,4.750524754646066883e-02
1.060000000000000000e+02,1.050000000000000000e+02,1.740000000000000000e+02,1.750000000000000000e+02,5.100000000000000000e+01,6.200000000000000000e+01,1.570000000000000000e+02,1.530000000000000000e+02,4.218926892974649012e-02
1.060000000000000000e+02,1.070000000000000000e+02,1.750000000000000000e+02,1.740000000000000000e+02,5.300000000000000000e+01,6.300000000000000000e+01,1.570000000000000000e+02,1.560000000000000000e+02,3.545535107504970557e-02
1.050000000000000000e+02,1.100000000000000000e+02,1.760000000000000000e+02,1.740000000000000000e+02,5.300000000000000000e+01,6.400000000000000000e+01,1.600000000000000000e+02,1.590000000000000000e+02,4.792640677807883526e-02
1.060000000000000000e+02,1.120000000000000000e+02,1.770000000000000000e+02,1.740000000000000000e+02,5.400000000000000000e+01,6.500000000000000000e+01,1.610000000000000000e+02,1.600000000000000000e+02,5.359390387909827164e-02
1.060000000000000000e+02,1.110000000000000000e+02,1.770000000000000000e+02,1.740000000000000000e+02,5.500000000000000000e+01,6.600000000000000000e+01,1.600000000000000000e+02,1.620000000000000000e+02,6.900365184249057648e-02
1.060000000000000000e+02,1.070000000000000000e+02,1.770000000000000000e+02,1.740000000000000000e+02,5.600000000000000000e+01,6.900000000000000000e+01,1.610000000000000000e+02,1.650000000000000000e+02,7.944435978701408496e-02
1.030000000000000000e+02,1.070000000000000000e+02,1.770000000000000000e+02,1.740000000000000000e+02,5.900000000000000000e+01,7.100000000000000000e+01,1.610000000000000000e+02,1.670000000000000000e+02,7.455492272452994562e-02
1.020000000000000000e+02,1.100000000000000000e+02,1.780000000000000000e+02,1.740000000000000000e+02,6.100000000000000000e+01,7.100000000000000000e+01,1.650000000000000000e+02,1.650000000000000000e+02,7.458099783184171661e-02
1.020000000000000000e+02,1.150000000000000000e+02,1.780000000000000000e+02,1.750000000000000000e+02,6.600000000000000000e+01,7.200000000000000000e+01,1.630000000000000000e+02,1.610000000000000000e+02,6.843608082824538530e-02
9.900000000000000000e+01,1.200000000000000000e+02,1.790000000000000000e+02,1.740000000000000000e+02,6.900000000000000000e+01,7.300000000000000000e+01,1.630000000000000000e+02,1.590000000000000000e+02,6.117621889213412101e-02
9.500000000000000000e+01,1.370000000000000000e+02,1.790000000000000000e+02,1.740000000000000000e+02,7.300000000000000000e+01,7.500000000000000000e+01,1.630000000000000000e+02,1.460000000000000000e+02,4.519366233562557150e-02
9.400000000000000000e+01,1.420000000000000000e+02,1.790000000000000000e+02,1.740000000000000000e+02,7.500000000000000000e+01,7.500000000000000000e+01,1.600000000000000000e+02,1.390000000000000000e+02,4.834428073764443501e-02
9.100000000000000000e+01,1.450000000000000000e+02,1.790000000000000000e+02,1.740000000000000000e+02,7.900000000000000000e+01,7.600000000000000000e+01,1.600000000000000000e+02,1.350000000000000000e+02,4.817816686557695877e-02
9.500000000000000000e+01,1.540000000000000000e+02,1.780000000000000000e+02,1.740000000000000000e+02,8.100000000000000000e+01,7.700000000000000000e+01,1.530000000000000000e+02,1.270000000000000000e+02,4.731723485928304718e-02
9.900000000000000000e+01,1.680000000000000000e+02,1.780000000000000000e+02,1.740000000000000000e+02,8.300000000000000000e+01,7.800000000000000000e+01,1.450000000000000000e+02,1.190000000000000000e+02,5.854508980974666016e-02
1.290000000000000000e+02,1.790000000000000000e+02,1.770000000000000000e+02,1.740000000000000000e+02,8.600000000000000000e+01,8.100000000000000000e+01,1.150000000000000000e+02,1.110000000000000000e+02,3.423117056598181523e-02
1.570000000000000000e+02,1.690000000000000000e+02,1.770000000000000000e+02,1.740000000000000000e+02,8.400000000000000000e+01,7.800000000000000000e+01,6.000000000000000000e+01,1.700000000000000000e+02,2.936033501096465409e-02
1.400000000000000000e+02,1.480000000000000000e+02,1.770000000000000000e+02,1.740000000000000000e+02,6.900000000000000000e+01,6.800000000000000000e+01,1.300000000000000000e+02,1.580000000000000000e+02,4.252950595516533788e-02
1.060000000000000000e+02,1.280000000000000000e+02,1.750000000000000000e+02,1.750000000000000000e+02,5.200000000000000000e+01,5.800000000000000000e+01,1.570000000000000000e+02,1.720000000000000000e+02,4.937955387181157396e-02
8.900000000000000000e+01,1.150000000000000000e+02,1.730000000000000000e+02,1.760000000000000000e+02,4.400000000000000000e+01,5.000000000000000000e+01,1.720000000000000000e+02,1.740000000000000000e+02,2.573012971518124498e-02
9.000000000000000000e+01,1.190000000000000000e+02,1.710000000000000000e+02,1.760000000000000000e+02,4.400000000000000000e+01,5.000000000000000000e+01,1.700000000000000000e+02,1.660000000000000000e+02,2.534236229851595176e-02
8.600000000000000000e+01,1.180000000000000000e+02,1.690000000000000000e+02,1.770000000000000000e+02,4.000000000000000000e+01,4.700000000000000000e+01,1.620000000000000000e+02,1.510000000000000000e+02,1.391484185584430239e-02
7.800000000000000000e+01,1.100000000000000000e+02,1.670000000000000000e+02,1.770000000000000000e+02,3.500000000000000000e+01,4.100000000000000000e+01,1.600000000000000000e+02,1.400000000000000000e+02,-1.662513277739326558e-03
7.800000000000000000e+01,1.150000000000000000e+02,1.650000000000000000e+02,1.770000000000000000e+02,3.200000000000000000e+01,3.700000000000000000e+01,1.510000000000000000e+02,1.300000000000000000e+02,-1.911713502350594410e-02
7.300000000000000000e+01,1.200000000000000000e+02,1.640000000000000000e+02,1.760000000000000000e+02,2.900000000000000000e+01,3.600000000000000000e+01,1.520000000000000000e+02,1.260000000000000000e+02,-3.481660302556494752e-02
7.000000000000000000e+01,1.200000000000000000e+02,1.640000000000000000e+02,1.770000000000000000e+02,2.600000000000000000e+01,3.400000000000000000e+01,1.550000000000000000e+02,1.260000000000000000e+02,-5.449173951308043662e-02
7.400000000000000000e+01,1.220000000000000000e+02,1.630000000000000000e+02,1.780000000000000000e+02,2.500000000000000000e+01,3.200000000000000000e+01,1.480000000000000000e+02,1.330000000000000000e+02,-6.641642562392804927e-02
7.900000000000000000e+01,1.270000000000000000e+02,1.620000000000000000e+02,1.770000000000000000e+02,2.500000000000000000e+01,2.900000000000000000e+01,1.420000000000000000e+02,1.300000000000000000e+02,-6.086335682794642016e-02
8.300000000000000000e+01,1.320000000000000000e+02,1.590000000000000000e+02,1.760000000000000000e+02,2.400000000000000000e+01,2.500000000000000000e+01,1.380000000000000000e+02,1.280000000000000000e+02,-7.959778178696626239e-02
9.000000000000000000e+01,1.410000000000000000e+02,1.590000000000000000e+02,1.750000000000000000e+02,2.400000000000000000e+01,2.400000000000000000e+01,1.320000000000000000e+02,1.290000000000000000e+02,-7.735863893847796935e-02
9.800000000000000000e+01,1.460000000000000000e+02,1.610000000000000000e+02,1.750000000000000000e+02,2.400000000000000000e+01,2.300000000000000000e+01,1.260000000000000000e+02,1.290000000000000000e+02,-7.206343456565700301e-02
1.060000000000000000e+02,1.510000000000000000e+02,1.620000000000000000e+02,1.750000000000000000e+02,2.300000000000000000e+01,2.300000000000000000e+01,1.220000000000000000e+02,1.430000000000000000e+02,-7.831354649473087903e-02
1.170000000000000000e+02,1.540000000000000000e+02,1.610000000000000000e+02,1.740000000000000000e+02,2.300000000000000000e+01,2.200000000000000000e+01,1.100000000000000000e+02,1.430000000000000000e+02,-8.581485003882202700e-02
1.270000000000000000e+02,1.560000000000000000e+02,1.600000000000000000e+02,1.740000000000000000e+02,2.200000000000000000e+01,2.100000000000000000e+01,1.000000000000000000e+02,1.500000000000000000e+02,-1.008713897830903761e-01
1.330000000000000000e+02,1.590000000000000000e+02,1.670000000000000000e+02,1.740000000000000000e+02,2.100000000000000000e+01,2.100000000000000000e+01,1.000000000000000000e+02,1.580000000000000000e+02,-1.112663127617263131e-01
1.380000000000000000e+02,1.610000000000000000e+02,1.700000000000000000e+02,1.740000000000000000e+02,2.100000000000000000e+01,2.100000000000000000e+01,1.080000000000000000e+02,1.680000000000000000e+02,-1.223202283626603770e-01
1.390000000000000000e+02,1.630000000000000000e+02,1.730000000000000000e+02,1.740000000000000000e+02,2.000000000000000000e+01,2.000000000000000000e+01,1.280000000000000000e+02,1.710000000000000000e+02,-1.450388814324632958e-01
1.440000000000000000e+02,1.620000000000000000e+02,1.780000000000000000e+02,1.750000000000000000e+02,2.000000000000000000e+01,1.900000000000000000e+01,1.400000000000000000e+02,1.740000000000000000e+02,-1.398142426174571740e-01
1.470000000000000000e+02,1.630000000000000000e+02,1.790000000000000000e+02,1.760000000000000000e+02,2.000000000000000000e+01,1.900000000000000000e+01,1.540000000000000000e+02,1.760000000000000000e+02,-1.321601808796460387e-01
1.490000000000000000e+02,1.670000000000000000e+02,1.760000000000000000e+02,1.770000000000000000e+02,2.000000000000000000e+01,1.900000000000000000e+01,1.600000000000000000e+02,1.710000000000000000e+02,-1.312988133869119056e-01
